archivo,legislatura,expediente,objeto,autores,fecha_presentacion,tipo_tramitacion,situacion_actual_oficial,resultado_oficial
ProyectosDeLey,Leg.15,121/000001/0000,Proyecto de Ley Orgánica de representación paritaria y presencia equilibrada de mujeres y hombres.,Gobierno,07/12/2023,Urgente,Cerrado,Aprobado con modificaciones 10/09/2024
ProyectosDeLey,Leg.15,121/000002/0000,"Proyecto de Ley por la que se aprueban medidas urgentes para la ejecución del Plan de Recuperación, Transformación y Resiliencia en materia de servicio público de justicia, función pública, régimen local y mecenazgo (procedente del Real Decreto-ley 6/2023, de 19 de diciembre).",Gobierno,10/01/2024,Urgente,Comisión de Justicia Informe,
ProyectosDeLey,Leg.15,121/000003/0000,"Proyecto de Ley por la que se adoptan medidas para afrontar las consecuencias económicas y sociales derivadas de los conflictos en Ucrania y Oriente Próximo, así como para paliar los efectos de la sequía (procedente del Real Decreto-ley 8/2023, de 27 de diciembre).",Gobierno,10/01/2024,Urgente,Comisión de Hacienda y Función Pública Informe,
ProyectosDeLey,Leg.15,121/000004/0000,Proyecto de Ley de prevención de las pérdidas y el desperdicio alimentario.,Gobierno,12/01/2024,Normal,Cerrado,Aprobado con modificaciones 06/05/2025
ProyectosDeLey,Leg.15,121/000005/0000,Proyecto de Ley por la que se regulan las enseñanzas artísticas superiores y se establece la organización y equivalencias de las enseñanzas artísticas profesionales.,Gobierno,18/01/2024,Normal,Cerrado,Aprobado con modificaciones 25/06/2024
ProyectosDeLey,Leg.15,121/000006/0000,Proyecto de Ley Orgánica del derecho de defensa.,Gobierno,25/01/2024,Normal,Cerrado,Aprobado con modificaciones 10/12/2024
ProyectosDeLey,Leg.15,121/000007/0000,"Proyecto de Ley por la que se crea la Agencia Estatal de Salud Pública y se modifica la Ley 33/2011, de 4 de octubre, General de Salud Pública.",Gobierno,01/02/2024,Urgente,Cerrado,Rechazado 26/03/2025
ProyectosDeLey,Leg.15,121/000008/0000,"Proyecto de Ley por la que se modifican el texto refundido de la Ley del Estatuto de los Trabajadores, aprobado por el Real Decreto Legislativo 2/2015, de 23 de octubre, y otras disposiciones en materia laboral, para la transposición de la Directiva (UE) 2019/1152 del Parlamento Europeo y del Consejo, de 20 de junio de 2019, relativa a unas condiciones laborales transparentes y previsibles en la Unión Europea.",Gobierno,09/02/2024,Urgente,"Comisión de Trabajo, Eco. Social, Inclusión, S.Social y Migraciones Informe",
ProyectosDeLey,Leg.15,121/000009/0000,Proyecto de Ley de Movilidad Sostenible.,Gobierno,14/02/2024,Urgente,Cerrado,Aprobado con modificaciones 16/12/2025
ProyectosDeLey,Leg.15,121/000010/0000,"Proyecto de Ley de creación de la Autoridad Administrativa Independiente para la Investigación Técnica de Accidentes e Incidentes ferroviarios, marítimos y de aviación civil.",Gobierno,22/02/2024,Urgente,Cerrado,Aprobado con modificaciones 10/09/2024
ProyectosDeLey,Leg.15,121/000011/0000,Proyecto de Ley de Familias.,Gobierno,29/02/2024,Competencia Legislativa Plena; Urgente,Comisión de Derechos Sociales y Consumo Enmiendas,
ProyectosDeLey,Leg.15,121/000012/0000,Proyecto de Ley por la que se regulan los servicios de atención a la clientela.,Gobierno,29/02/2024,Urgente,Cerrado,Aprobado con modificaciones 15/01/2026
ProyectosDeLey,Leg.15,121/000013/0000,"Proyecto de Ley de creación de la Oficina Española de Derechos de Autor y Conexos, O.A.",Gobierno,29/02/2024,Urgente,Comisión de Cultura Informe,
ProyectosDeLey,Leg.15,121/000014/0000,Proyecto de Ley básica de agentes forestales y medioambientales.,Gobierno,07/03/2024,Normal,Cerrado,Aprobado con modificaciones 10/12/2024
ProyectosDeLey,Leg.15,121/000015/0000,Proyecto de Ley básica de bomberos forestales.,Gobierno,07/03/2024,Normal,Cerrado,Aprobado con modificaciones 10/12/2024
ProyectosDeLey,Leg.15,121/000016/0000,Proyecto de Ley Orgánica de medidas en materia de eficiencia del Servicio Público de Justicia.,Gobierno,14/03/2024,Urgente,Cerrado,Aprobado con modificaciones 04/02/2025
ProyectosDeLey,Leg.15,121/000017/0000,"Proyecto de Ley Orgánica por la que se modifica la Ley Orgánica 7/2014, de 12 de noviembre, sobre intercambio de información de antecedentes penales y consideración de resoluciones judiciales penales en la Unión Europea, para su adecuación a la normativa de la Unión Europea sobre el Sistema Europeo de Información de Antecedentes Penales (ECRIS).",Gobierno,14/03/2024,Urgente,Cerrado,Aprobado con modificaciones 19/11/2024
ProyectosDeLey,Leg.15,121/000018/0000,Proyecto de Ley por la que se crea la Autoridad Administrativa Independiente de Defensa del Cliente Financiero para la resolución extrajudicial de conflictos entre las entidades financieras y sus clientes.,Gobierno,21/03/2024,Urgente,"Comisión de Economía, Comercio y Transformación Digital Informe",
ProyectosDeLey,Leg.15,121/000019/0000,"Proyecto de Ley por la que se modifica el texto refundido de la Ley de Suelo y Rehabilitación Urbana, aprobado por el Real Decreto Legislativo 7/2015, de 30 de octubre.",Gobierno,27/03/2024,Competencia Legislativa Plena; Urgente,Cerrado,Retirado 31/05/2024
ProyectosDeLey,Leg.15,121/000020/0000,"Proyecto de Ley por la que se modifican la Ley 48/1960, de 21 de julio, sobre Navegación Aérea, y la Ley 21/2003, de 7 de julio, de Seguridad Aérea.",Gobierno,09/05/2024,Normal,Cerrado,Aprobado con modificaciones 14/10/2025
ProyectosDeLey,Leg.15,121/000021/0000,Proyecto de Ley de universalidad del Sistema Nacional de Salud.,Gobierno,17/05/2024,Competencia Legislativa Plena; Urgente,Comisión de Sanidad Enmiendas,
ProyectosDeLey,Leg.15,121/000022/0000,"Proyecto de Ley por la que se modifican el texto refundido de la Ley sobre responsabilidad civil y seguro en la circulación de vehículos a motor, aprobado por el Real Decreto Legislativo 8/2004, de 29 de octubre, y la Ley 20/2015, de 14 de julio, de ordenación, supervisión y solvencia de las entidades aseguradoras y reaseguradoras.",Gobierno,30/05/2024,Competencia Legislativa Plena; Urgente,Cerrado,Aprobado con modificaciones 09/09/2025
ProyectosDeLey,Leg.15,121/000023/0000,"Proyecto de Ley por la que se establecen un Impuesto Complementario para garantizar un nivel mínimo global de imposición para los grupos multinacionales y los grupos nacionales de gran magnitud, un Impuesto sobre el margen de intereses y comisiones de determinadas entidades financieras y un Impuesto sobre los líquidos para cigarrillos electrónicos y otros productos relacionados con el tabaco, y se modifican otras normas tributarias.",Gobierno,06/06/2024,Urgente,Cerrado,Aprobado con modificaciones 04/02/2025
ProyectosDeLey,Leg.15,121/000024/0000,"Proyecto de Ley por la que se prorrogan las medidas de suspensión de lanzamientos sobre la vivienda habitual para la protección de los colectivos vulnerables (procedente del Real Decreto-ley 1/2024, de 14 de mayo).",Gobierno,13/06/2024,Competencia Legislativa Plena; Urgente,Comisión de Vivienda y Agenda Urbana Enmiendas,
ProyectosDeLey,Leg.15,121/000025/0000,"Proyecto de Ley por la que se modifica la Ley 1/2005, de 9 de marzo, por la que se regula el régimen del comercio de derechos de emisión de gases de efecto invernadero.",Gobierno,14/06/2024,Urgente,Cerrado,Retirado 14/03/2025
ProyectosDeLey,Leg.15,121/000026/0000,Proyecto de Ley del Cine y de la Cultura Audiovisual.,Gobierno,14/06/2024,Urgente,Comisión de Cultura Informe,
ProyectosDeLey,Leg.15,121/000027/0000,"Proyecto de Ley por la que se adoptan medidas urgentes para la simplificación y mejora del nivel asistencial de la protección por desempleo, y para completar la transposición de la Directiva (UE) 2019/1158 del Parlamento Europeo y del Consejo, de 20 de junio de 2019, relativa a la conciliación de la vida familiar y la vida profesional de los progenitores y los cuidadores, y por la que se deroga la Directiva 2010/18/UE del Consejo (procedente del Real Decreto-ley 2/2024, de 21 de mayo).",Gobierno,20/06/2024,Competencia Legislativa Plena; Urgente,"Comisión de Trabajo, Eco. Social, Inclusión, S.Social y Migraciones Enmiendas",
ProyectosDeLey,Leg.15,121/000028/0000,"Proyecto de Ley de medidas de promoción del uso del transporte público colectivo terrestre por parte de los jóvenes para los viajes realizados en el periodo estival de 2024 (procedente del Real Decreto-ley 3/2024, de 4 de junio).",Gobierno,20/06/2024,Competencia Legislativa Plena; Urgente,Comisión de Transportes y Movilidad Sostenible Enmiendas,
ProyectosDeLey,Leg.15,121/000029/0000,Proyecto de Ley por la que se modifican diversas normas para consolidar la equidad y cohesión del Sistema Nacional de Salud.,Gobierno,21/06/2024,Competencia Legislativa Plena; Urgente,Comisión de Sanidad Enmiendas,
ProyectosDeLey,Leg.15,121/000030/0000,"Proyecto de Ley Orgánica por la que se modifica la Ley Orgánica 13/1982, de 10 de agosto, de reintegración y amejoramiento del Régimen Foral de Navarra, en cuanto a tráfico, circulación de vehículos de motor y seguridad vial.",Gobierno,11/07/2024,Lectura Única,Cerrado,Aprobado sin modificaciones 16/01/2025
ProyectosDeLey,Leg.15,121/000031/0000,Proyecto de Ley de la Función Pública de la Administración del Estado.,Gobierno,17/07/2024,Normal,Comisión de Hacienda y Función Pública Informe,
ProyectosDeLey,Leg.15,121/000032/0000,"Proyecto de Ley por la que se prorrogan determinadas medidas para afrontar las consecuencias económicas y sociales derivadas de los conflictos en Ucrania y Oriente Próximo y se adoptan medidas urgentes en materia fiscal, energética y social (procedente del Real Decreto-ley 4/2024, de 26 de junio).",Gobierno,23/07/2024,Competencia Legislativa Plena; Urgente,Comisión de Hacienda y Función Pública Enmiendas,
ProyectosDeLey,Leg.15,121/000033/0000,"Proyecto de Ley por la que se modifican el texto refundido de la Ley del Estatuto de los Trabajadores, aprobado por el Real Decreto Legislativo 2/2015, de 23 de octubre, en materia de extinción del contrato de trabajo por incapacidad permanente de las personas trabajadoras, y el texto refundido de la Ley General de la Seguridad Social, aprobado por el Real Decreto Legislativo 8/2015, de 30 de octubre, en materia de incapacidad permanente.",Gobierno,26/07/2024,Competencia Legislativa Plena; Urgente,Cerrado,Aprobado con modificaciones 20/05/2025
ProyectosDeLey,Leg.15,121/000034/0000,"Proyecto de Ley de modificación del Texto Refundido de la Ley de Puertos del Estado y de la Marina Mercante, aprobado por el Real Decreto Legislativo 2/2011, de 5 de septiembre, y de la Ley 14/2014, de 24 de julio, de Navegación Marítima.",Gobierno,01/08/2024,Normal,Comisión de Transportes y Movilidad Sostenible Informe,
ProyectosDeLey,Leg.15,121/000035/0000,"Proyecto de Ley de restablecimiento de la Comisión Nacional de la Energía, A.A.I.",Gobierno,26/09/2024,Competencia Legislativa Plena,Comisión de Transición Ecológica y Reto Demográfico Enmiendas,
ProyectosDeLey,Leg.15,121/000036/0000,Proyecto de Ley integral de impulso de la economía social.,Gobierno,11/10/2024,Competencia Legislativa Plena,Cerrado,Aprobado con modificaciones 30/06/2026
ProyectosDeLey,Leg.15,121/000037/0000,"Proyecto de Ley por la que se modifica la Ley 17/2006, de 5 de junio, de la radio y la televisión de titularidad estatal, para adoptar medidas urgentes relativas al régimen jurídico aplicable a la Corporación RTVE (procedente del Real Decreto-ley 5/2024, de 22 de octubre).",Gobierno,30/10/2024,Competencia Legislativa Plena; Urgente,Comisión Constitucional Enmiendas,
ProyectosDeLey,Leg.15,121/000038/0000,"Proyecto de Ley de información empresarial sobre sostenibilidad, mediante la que se modifican el Código de Comercio, la Ley de Sociedades de Capital y la Ley de Auditoría de Cuentas.",Gobierno,31/10/2024,Competencia Legislativa Plena; Urgente,Comisión de Justicia Enmiendas,
ProyectosDeLey,Leg.15,121/000039/0000,"Proyecto de Ley por la que se adoptan medidas urgentes de respuesta ante los daños causados por la Depresión Aislada en Niveles Altos (DANA) en diferentes municipios entre el 28 de octubre y el 4 de noviembre de 2024 (procedente del Real Decreto-ley 6/2024, de 5 de noviembre).",Gobierno,21/11/2024,Competencia Legislativa Plena; Urgente,Comisión de Política Territorial Enmiendas,
ProyectosDeLey,Leg.15,121/000040/0000,"Proyecto de Ley por la que se modifica la Ley 1/2000, de 7 de enero, de Enjuiciamiento Civil, para regular el procedimiento de determinación de la edad.",Gobierno,22/11/2024,Competencia Legislativa Plena; Urgente,Comisión de Justicia Enmiendas,
ProyectosDeLey,Leg.15,121/000041/0000,"Proyecto de Ley Orgánica por la que se modifica la Ley Orgánica 5/2000, de 12 de enero, reguladora de la responsabilidad penal de los menores, complementaria de la Ley por la que se modifica la Ley 1/2000, de 7 de enero, de Enjuiciamiento Civil, para regular el procedimiento de determinación de la edad.",Gobierno,22/11/2024,Urgente,Comisión de Justicia Enmiendas,
ProyectosDeLey,Leg.15,121/000042/0000,"Proyecto de Ley por la que se adoptan medidas urgentes para el impulso del Plan de respuesta inmediata, reconstrucción y relanzamiento frente a los daños causados por la Depresión Aislada en Niveles Altos (DANA) en diferentes municipios entre el 28 de octubre y el 4 de noviembre de 2024 (procedente del Real Decreto-ley 7/2024, de 11 de noviembre).",Gobierno,12/12/2024,Competencia Legislativa Plena; Urgente,Comisión de Política Territorial Enmiendas,
ProyectosDeLey,Leg.15,121/000043/0000,Proyecto de Ley de Industria y Autonomía Estratégica.,Gobierno,13/12/2024,Competencia Legislativa Plena,Comisión de Industria y Turismo Enmiendas,
ProyectosDeLey,Leg.15,121/000044/0000,"Proyecto de Ley por la que se adoptan medidas urgentes complementarias en el marco del Plan de respuesta inmediata, reconstrucción y relanzamiento frente a los daños causados por la Depresión Aislada en Niveles Altos (DANA) en diferentes municipios entre el 28 de octubre y el 4 de noviembre de 2024 (procedente del Real Decreto-ley 8/2024, de 28 de noviembre).",Gobierno,19/12/2024,Competencia Legislativa Plena; Urgente,Comisión de Política Territorial Enmiendas,
ProyectosDeLey,Leg.15,121/000045/0000,"Proyecto de Ley para la mejora de la compatibilidad de la pensión de jubilación con el trabajo (procedente del Real Decreto-ley 11/2024, de 23 de diciembre).",Gobierno,22/01/2025,Competencia Legislativa Plena; Urgente,"Comisión de Trabajo, Eco. Social, Inclusión, S.Social y Migraciones Enmiendas",
ProyectosDeLey,Leg.15,121/000046/0000,Proyecto de Ley de transparencia e integridad de las actividades de los grupos de interés.,Gobierno,30/01/2025,Normal,Comisión de Hacienda y Función Pública Informe,
ProyectosDeLey,Leg.15,121/000047/0000,"Proyecto de Ley por la que se aprueban medidas urgentes en materia económica, de transporte, de Seguridad Social, y para hacer frente a situaciones de vulnerabilidad (procedente del Real Decreto-ley 1/2025, de 28 de enero).",Gobierno,12/02/2025,Competencia Legislativa Plena; Urgente,Comisión de Hacienda y Función Pública Enmiendas,
ProyectosDeLey,Leg.15,121/000048/0000,Proyecto de Ley de acciones colectivas para la protección y defensa de los derechos e intereses de los consumidores y usuarios.,Gobierno,27/02/2025,Competencia Legislativa Plena; Urgente,Comisión de Justicia Enmiendas,
ProyectosDeLey,Leg.15,121/000049/0000,"Proyecto de Ley de administradores y compradores de créditos y por la que se modifican la Ley de Medidas de Reforma del Sistema Financiero, la Ley de contratos de crédito al consumo, la Ley de ordenación, supervisión y solvencia de entidades de crédito, la Ley reguladora de los contratos de crédito inmobiliario, y el texto refundido de la Ley Concursal.",Gobierno,05/03/2025,Competencia Legislativa Plena; Urgente,"Comisión de Economía, Comercio y Transformación Digital Enmiendas",
ProyectosDeLey,Leg.15,121/000050/0000,Proyecto de Ley de prevención del consumo de bebidas alcohólicas y de sus efectos en las personas menores de edad.,Gobierno,12/03/2025,Competencia Legislativa Plena,Comisión de Sanidad Enmiendas,
ProyectosDeLey,Leg.15,121/000051/0000,"Proyecto de Ley por la que se modifica la Ley 12/2002, de 23 de mayo, por la que se aprueba el Concierto Económico con la Comunidad Autónoma del País Vasco.",Gobierno,12/03/2025,Lectura Única; Urgente,Cerrado,Aprobado sin modificaciones 20/05/2025
ProyectosDeLey,Leg.15,121/000052/0000,Proyecto de Ley Orgánica para la protección de las personas menores de edad en los entornos digitales.,Gobierno,27/03/2025,Urgente,Comisión de Justicia Informe,
ProyectosDeLey,Leg.15,121/000053/0000,Proyecto de Ley Orgánica por la que se autoriza la ratificación de cuatro enmiendas al artículo 8.2 del Estatuto de Roma de la Corte Penal Internacional.,Gobierno,04/04/2025,Lectura Única; Urgente,Cerrado,Aprobado sin modificaciones 17/06/2025
ProyectosDeLey,Leg.15,121/000054/0000,"Proyecto de Ley por la que se crea la Agencia Estatal de Salud Pública y se modifica la Ley 33/2011, de 4 de octubre, General de Salud Pública.",Gobierno,09/04/2025,Competencia Legislativa Plena; Urgente,Cerrado,Aprobado con modificaciones 09/09/2025
ProyectosDeLey,Leg.15,121/000055/0000,"Proyecto de Ley por la que se aprueban medidas urgentes para la garantía del interés superior de la infancia y adolescencia ante situaciones de contingencias migratorias extraordinarias (procedente del Real Decreto-ley 2/2025, de 18 de marzo).",Gobierno,10/04/2025,Competencia Legislativa Plena; Urgente,Comisión de Juventud e Infancia Enmiendas,
ProyectosDeLey,Leg.15,121/000056/0000,"Proyecto de Ley por la que se establece el programa de incentivos ligados a la movilidad eléctrica (MOVES III) para el año 2025 (procedente del Real Decreto-ley 3/2025, de 1 de abril).",Gobierno,10/04/2025,Competencia Legislativa Plena; Urgente,Comisión de Transición Ecológica y Reto Demográfico Enmiendas,
ProyectosDeLey,Leg.15,121/000057/0000,"Proyecto de Ley de medidas urgentes de respuesta a la amenaza arancelaria y de relanzamiento comercial (procedente del Real Decreto-ley 4/2025, de 8 de abril).",Gobierno,08/05/2025,Competencia Legislativa Plena; Urgente,"Comisión de Economía, Comercio y Transformación Digital Enmiendas",
ProyectosDeLey,Leg.15,121/000058/0000,Proyecto de Ley para la reducción de la duración máxima de la jornada ordinaria de trabajo y la garantía del registro de jornada y el derecho a la desconexión.,Gobierno,09/05/2025,Competencia Legislativa Plena; Urgente,Cerrado,Rechazado 11/09/2025
ProyectosDeLey,Leg.15,121/000059/0000,"Proyecto de Ley Orgánica por la que se modifica la Ley Orgánica 6/1985, de 1 de julio, del Poder Judicial, y la Ley 50/1981, de 30 de diciembre, por la que se regula el Estatuto Orgánico del Ministerio Fiscal, para la ampliación y fortalecimiento de las carreras judicial y fiscal.",Gobierno,16/05/2025,Urgente,Comisión de Justicia Informe,
ProyectosDeLey,Leg.15,121/000060/0000,"Proyecto de Ley por la que se modifican la Ley 58/2003, de 17 de diciembre, General Tributaria, en materia de prescripción, recaudación, asistencia mutua y obligaciones de información; la Ley 35/2006, de 28 de noviembre, del Impuesto sobre la Renta de las Personas Físicas y de modificación parcial de las leyes de los Impuestos sobre Sociedades, sobre la Renta de no Residentes y sobre el Patrimonio, y la Ley 29/1987, de 18 de diciembre, del Impuesto sobre Sucesiones y Donaciones.",Gobierno,05/06/2025,Normal,Comisión de Hacienda y Función Pública Informe,
ProyectosDeLey,Leg.15,121/000061/0000,"Proyecto de Ley por la que se modifica la Ley 28/1990, de 26 de diciembre, por la que se aprueba el Convenio Económico entre el Estado y la Comunidad Foral de Navarra.",Gobierno,05/06/2025,Lectura Única; Urgente,Cerrado,Aprobado sin modificaciones 09/09/2025
ProyectosDeLey,Leg.15,121/000062/0000,"Proyecto de Ley de medidas de promoción del uso del transporte público colectivo por parte de la juventud para los viajes realizados en el periodo estival de 2025 (procedente del Real Decreto-ley 5/2025, de 10 de junio).",Gobierno,26/06/2025,Competencia Legislativa Plena; Urgente,Comisión de Transportes y Movilidad Sostenible Enmiendas,
ProyectosDeLey,Leg.15,121/000063/0000,"Proyecto de Ley Orgánica por la que se modifica la Ley Orgánica 5/1985, de 19 de junio, del Régimen Electoral General.",Gobierno,09/07/2025,Normal,Comisión Constitucional Enmiendas,
ProyectosDeLey,Leg.15,121/000064/0000,"Proyecto de Ley por la que se modifican el Texto Refundido de la Ley General de derechos de las personas con discapacidad y de su inclusión social, aprobado por el Real Decreto Legislativo 1/2013, de 29 de noviembre, y la Ley 39/2006, de 14 de diciembre, de Promoción de la Autonomía Personal y Atención a las personas en situación de dependencia, para la extensión y refuerzo de los derechos de las personas con discapacidad a la inclusión, la autonomía y la accesibilidad universal conforme al artículo 49 de la Constitución Española.",Gobierno,17/07/2025,Urgente,Concluido - (Aprobado con modificaciones),
ProyectosDeLey,Leg.15,121/000065/0000,"Proyecto de Ley por la que se adoptan medidas relativas a los recursos de los sistemas de financiación territorial (procedente del Real Decreto-ley 6/2025, de 17 de junio).",Gobierno,22/07/2025,Competencia Legislativa Plena; Urgente,Comisión de Hacienda y Función Pública Enmiendas,
ProyectosDeLey,Leg.15,121/000066/0000,"Proyecto de Ley por la que se declaran diversas iniciativas y programas como acontecimientos de excepcional interés público (procedente del Real Decreto-ley 8/2025, de 8 de julio).",Gobierno,22/07/2025,Competencia Legislativa Plena; Urgente,Comisión de Cultura Enmiendas,
ProyectosDeLey,Leg.15,121/000067/0000,Proyecto de Ley de Información Clasificada.,Gobierno,23/07/2025,Competencia Legislativa Plena,Comisión Constitucional Enmiendas,
ProyectosDeLey,Leg.15,121/000068/0000,Proyecto de Ley por la que se modifican diversas disposiciones legales para la mejora de la gobernanza democrática en servicios digitales y ordenación de los medios de comunicación.,Gobierno,30/07/2025,Competencia Legislativa Plena,"Comisión de Economía, Comercio y Transformación Digital Enmiendas",
ProyectosDeLey,Leg.15,121/000069/0000,"Proyecto de Ley por la que se amplía el permiso de nacimiento y cuidado, mediante la modificación del texto refundido de la Ley del Estatuto de los Trabajadores, aprobado por el Real Decreto Legislativo 2/2015, de 23 de octubre, el texto refundido de la Ley del Estatuto Básico del Empleado Público, aprobado por el Real Decreto Legislativo 5/2015, de 30 de octubre, y el texto refundido de la Ley General de la Seguridad Social, aprobado por el Real Decreto Legislativo 8/2015, de 30 de octubre, para completar la transposición de la Directiva (UE) 2019/1158 del Parlamento Europeo y del Consejo, de 20 de junio de 2019, relativa a la conciliación de la vida familiar y la vida profesional de los progenitores y los cuidadores, y por la que se deroga la Directiva 2010/18/UE del Consejo (procedente del Real Decreto-ley 9/2025, de 29 de julio).",Gobierno,09/09/2025,Competencia Legislativa Plena; Urgente,"Comisión de Trabajo, Eco. Social, Inclusión, S.Social y Migraciones Enmiendas",
ProyectosDeLey,Leg.15,121/000070/0000,"Proyecto de Ley por la que se adoptan medidas urgentes contra el genocidio en Gaza y de apoyo a la población palestina (procedente del Real Decreto-ley 10/2025, de 23 de septiembre).",Gobierno,08/10/2025,Competencia Legislativa Plena; Urgente,"Comisión de Economía, Comercio y Transformación Digital Enmiendas",
ProyectosDeLey,Leg.15,121/000071/0000,"Proyecto de Ley de modificación parcial de la Ley 39/2015, de 1 de octubre, del Procedimiento Administrativo Común de las Administraciones Públicas, y de la Ley 40/2015, de 1 de octubre, de Régimen Jurídico del Sector Público, en materia de responsabilidad patrimonial del Estado legislador por daños derivados de la infracción del Derecho de la Unión Europea.",Gobierno,09/10/2025,Competencia Legislativa Plena,Comisión de Hacienda y Función Pública Enmiendas,
ProyectosDeLey,Leg.15,121/000072/0000,"Proyecto de Ley Orgánica por la que se modifica la Ley Orgánica 10/1995, de 23 de noviembre, del Código Penal, para la transposición de la Directiva (UE) 2024/1226 del Parlamento Europeo y del Consejo, de 24 de abril de 2024, relativa a la definición de los delitos y las sanciones por la vulneración de las medidas restrictivas de la Unión, y por la que se modifica la Directiva (UE) 2018/1673.",Gobierno,23/10/2025,Urgente,Comisión de Justicia Enmiendas,
ProyectosDeLey,Leg.15,121/000073/0000,"Proyecto de Ley de control, inspección y régimen sancionador de la pesca marítima.",Gobierno,23/10/2025,Competencia Legislativa Plena,"Comisión de Agricultura, Pesca y Alimentación Enmiendas",
ProyectosDeLey,Leg.15,121/000074/0000,Proyecto de Ley Orgánica de Enjuiciamiento Criminal.,Gobierno,30/10/2025,Normal,Comisión de Justicia Enmiendas,
ProyectosDeLey,Leg.15,121/000075/0000,Proyecto de Ley por la que se modifican los criterios de tamaño de las empresas a efectos de información financiera.,Gobierno,08/11/2025,Competencia Legislativa Plena,"Comisión de Economía, Comercio y Transformación Digital Enmiendas",
ProyectosDeLey,Leg.15,121/000076/0000,"Proyecto de Ley por la que se establecen medidas para el fortalecimiento del Sistema para la Autonomía y Atención a la Dependencia y cumplir con las obligaciones establecidas en la Ley 3/2024, de 30 de octubre, para mejorar la calidad de vida de las personas con Esclerosis Lateral Amiotrófica y otras enfermedades o procesos de alta complejidad y curso irreversible (procedente del Real Decreto-ley 11/2025, de 21 de octubre).",Gobierno,19/11/2025,Competencia Legislativa Plena; Urgente,Comisión de Derechos Sociales y Consumo Enmiendas,
ProyectosDeLey,Leg.15,121/000077/0000,Proyecto de Ley para el intercambio de información entre los servicios de seguridad y aduanas de los Estados miembros de la Unión Europea.,Gobierno,26/11/2025,Competencia Legislativa Plena,Comisión de Interior Enmiendas,
ProyectosDeLey,Leg.15,121/000078/0000,"Proyecto de Ley por la que se adoptan medidas urgentes de reactivación, refuerzo y prevención en el marco del Plan de respuesta inmediata, reconstrucción y relanzamiento frente a los daños causados por la Depresión Aislada en Niveles Altos (DANA) en diferentes municipios entre el 28 de octubre y el 4 de noviembre de 2024 (procedente del Real Decreto-ley 12/2025, de 28 de octubre).",Gobierno,27/11/2025,Competencia Legislativa Plena; Urgente,Comisión de Política Territorial Enmiendas,
ProyectosDeLey,Leg.15,121/000079/0000,Proyecto de Ley Orgánica de medidas excepcionales de sostenibilidad financiera para las comunidades autónomas de régimen común.,Gobierno,11/12/2025,Normal,Comisión de Hacienda y Función Pública Informe,
ProyectosDeLey,Leg.15,121/000080/0000,"Proyecto de Ley por la que se adoptan medidas complementarias urgentes para la recuperación económica y social de la isla de La Palma tras los daños ocasionados por las erupciones volcánicas (procedente del Real Decreto-ley 13/2025, de 25 de noviembre).",Gobierno,11/12/2025,Competencia Legislativa Plena; Urgente,Comisión de Política Territorial Enmiendas,
ProyectosDeLey,Leg.15,121/000081/0000,"Proyecto de Ley por la que se aprueban medidas urgentes en materia de retribuciones en el ámbito del sector público (procedente del Real Decreto-ley 14/2025, de 2 de diciembre).",Gobierno,11/12/2025,Competencia Legislativa Plena; Urgente,Comisión de Hacienda y Función Pública Enmiendas,
ProyectosDeLey,Leg.15,121/000082/0000,"Proyecto de Ley por la que se adoptan medidas urgentes para favorecer la actividad inversora de las entidades locales y de las comunidades autónomas, y por el que se modifica el Real Decreto 1007/2023, de 5 de diciembre, por el que se aprueba el Reglamento que establece los requisitos que deben adoptar los sistemas y programas informáticos o electrónicos que soporten los procesos de facturación de empresarios y profesionales, y la estandarización de formatos de los registros de facturación (procedente del Real Decreto-ley 15/2025, de 2 de diciembre).",Gobierno,11/12/2025,Competencia Legislativa Plena; Urgente,Comisión de Política Territorial Enmiendas,
ProyectosDeLey,Leg.15,121/000083/0000,Proyecto de Ley Orgánica reguladora del derecho de rectificación.,Gobierno,16/01/2026,Normal,Comisión de Justicia Enmiendas,
ProyectosDeLey,Leg.15,121/000084/0000,"Proyecto de Ley de medidas de promoción del uso del transporte público mediante la bonificación de abonos y títulos multiviaje (procedente del Real Decreto-ley 17/2025, de 23 de diciembre).",Gobierno,27/01/2026,Competencia Legislativa Plena; Urgente,Comisión de Transportes y Movilidad Sostenible Enmiendas,
ProyectosDeLey,Leg.15,121/000085/0000,"Proyecto de Ley de ayudas a las víctimas de los accidentes ferroviarios de Adamuz (Córdoba) y Gélida (Barcelona) (procedente del Real Decreto-ley 1/2026, de 27 de enero).",Gobierno,26/02/2026,Competencia Legislativa Plena; Urgente,Comisión de Transportes y Movilidad Sostenible Enmiendas,
ProyectosDeLey,Leg.15,121/000086/0000,"Proyecto de Ley para la revalorización de las pensiones públicas y otras medidas urgentes en materia de Seguridad Social (procedente del Real Decreto-ley 3/2026, de 3 de febrero).",Gobierno,26/02/2026,Competencia Legislativa Plena; Urgente,"Comisión de Trabajo, Eco. Social, Inclusión, S.Social y Migraciones Enmiendas",
ProyectosDeLey,Leg.15,121/000087/0000,Proyecto de Ley del Estatuto de las personas en formación práctica no laboral.,Gobierno,05/03/2026,Competencia Legislativa Plena,"Comisión de Trabajo, Eco. Social, Inclusión, S.Social y Migraciones Enmiendas",
ProyectosDeLey,Leg.15,121/000088/0000,Proyecto de Ley de protección y resiliencia de las entidades críticas.,Gobierno,18/03/2026,Competencia Legislativa Plena,Comisión de Interior Enmiendas,
ProyectosDeLey,Leg.15,121/000089/0000,"Proyecto de Ley por la que se adoptan medidas urgentes en respuesta a los daños causados por diversos fenómenos meteorológicos adversos, de especial afectación en las comunidades autónomas de Andalucía y Extremadura (procedente del Real Decreto-ley 5/2026, de 17 de febrero).",Gobierno,18/03/2026,Competencia Legislativa Plena; Urgente,Comisión de Hacienda y Función Pública Enmiendas,
ProyectosDeLey,Leg.15,121/000090/0000,"Proyecto de Ley por la que se modifica la Ley 20/2022, de 19 de octubre, de Memoria Democrática, sobre reconocimiento a favor de personas fallecidas o con lesiones incapacitantes por su actividad en defensa y reivindicación de la Democracia (procedente del Real Decreto-ley 6/2026, de 3 de marzo).",Gobierno,26/03/2026,Competencia Legislativa Plena; Urgente,Comisión Constitucional Mesa - Calificación Comisión Constitucional Enmiendas,
ProyectosDeLey,Leg.15,121/000091/0000,"Proyecto de Ley por la que se aprueba el Plan Integral de Respuesta a la Crisis en Oriente Medio (procedente del Real Decreto-ley 7/2026, de 20 de marzo).",Gobierno,26/03/2026,Competencia Legislativa Plena; Urgente,Comisión de Transición Ecológica y Reto Demográfico Enmiendas,
ProyectosDeLey,Leg.15,121/000092/0000,"Proyecto de Ley por la que se modifican la Ley Orgánica 2/2006, de 3 de mayo, de Educación, y la Ley 4/2019, de 7 de marzo, de mejora de las condiciones para el desempeño de la docencia y la enseñanza en el ámbito de la educación no universitaria, y se adoptan otras medidas para la mejora del sistema educativo.",Gobierno,23/04/2026,Urgente,"Comisión de Educación, Formación Profesional y Deportes Informe",
ProyectosDeLey,Leg.15,121/000093/0000,"Proyecto de Ley de medidas urgentes en materia de transporte (procedente del Real Decreto-ley 9/2026, de 14 de abril).",Gobierno,30/04/2026,Competencia Legislativa Plena; Urgente,Comisión de Transportes y Movilidad Sostenible Enmiendas,
ProyectosDeLey,Leg.15,121/000094/0000,Proyecto de Ley de gestión pública e integridad del Sistema Nacional de Salud.,Gobierno,14/05/2026,Competencia Legislativa Plena,Comisión de Sanidad Enmiendas,
ProyectosDeLey,Leg.15,121/000095/0000,"Proyecto de Ley por la que se aprueban medidas tributarias urgentes y otras medidas de apoyo en respuesta a los daños causados a las víctimas de siniestros de la DANA y otras situaciones de emergencia (procedente del Real Decreto-ley 10/2026, de 28 de abril).",Gobierno,20/05/2026,Competencia Legislativa Plena; Urgente,Comisión de Hacienda y Función Pública Enmiendas,
ProyectosDeLey,Leg.15,121/000096/0000,Proyecto de Ley Orgánica para el buen uso y la gobernanza de la inteligencia artificial.,Gobierno,28/05/2026,Normal,"Comisión de Economía, Comercio y Transformación Digital Enmiendas",
ProyectosDeLey,Leg.15,121/000097/0000,"Proyecto de Ley por la que se modifica la aportación de los usuarios y sus beneficiarios en la prestación farmacéutica ambulatoria (procedente del Real Decreto-ley 11/2026, de 12 de mayo).",Gobierno,28/05/2026,Competencia Legislativa Plena; Urgente,Comisión de Sanidad Mesa - Calificación Comisión de Sanidad Enmiendas,
ProyectosDeLey,Leg.15,121/000098/0000,Proyecto de Ley de las Organizaciones de Pacientes.,Gobierno,11/06/2026,Competencia Legislativa Plena,Comisión de Sanidad Debate de totalidad Comisión de Sanidad Enmiendas,
ProyectosDeLey,Leg.15,121/000099/0000,"Proyecto de Ley por la que se declaran diversas iniciativas y programas como acontecimientos de excepcional interés público (procedente del Real Decreto-ley 12/2026, de 26 de mayo).",Gobierno,18/06/2026,Competencia Legislativa Plena; Urgente,Comisión de Cultura Enmiendas,
ProyectosDeLey,Leg.15,121/000100/0000,"Proyecto de Ley por la que se adoptan medidas relativas a los recursos de los sistemas de financiación territorial (procedente del Real Decreto-ley 13/2026, de 2 de junio).",Gobierno,18/06/2026,Competencia Legislativa Plena; Urgente,Comisión de Hacienda y Función Pública Enmiendas,
ProyectosDeLey,Leg.15,121/000101/0000,"Proyecto de Ley por la que se modifica la Ley 37/1992, de 28 de diciembre, del Impuesto sobre el Valor Añadido, para la transposición parcial de la Directiva (UE) 2025/516 del Consejo, de 11 de marzo de 2025, por la que se modifica la Directiva 2006/112/CE en lo que respecta a las normas del IVA en la era digital.",Gobierno,19/06/2026,Competencia Legislativa Plena,Comisión de Hacienda y Función Pública Enmiendas,
ProyectosDeLey,Leg.15,121/000102/0000,"Proyecto de Ley de medidas de promoción del uso del transporte público colectivo por parte de la juventud para los viajes realizados en el periodo estival de 2026 (procedente del Real Decreto-ley 14/2026, de 9 de junio).",Gobierno,25/06/2026,Competencia Legislativa Plena; Urgente,Comisión de Transportes y Movilidad Sostenible Enmiendas,
ProyectosDeLey,Leg.15,121/000103/0000,"Proyecto de Ley Orgánica de protección civil de los derechos al honor, a la intimidad personal y familiar y a la propia imagen.",Gobierno,13/07/2026,Normal,Comisión Constitucional Enmiendas,
ProyectosDeLey,Leg.15,121/000104/0000,"Proyecto de Ley de medidas extraordinarias para el fortalecimiento y consolidación del Sistema para la Autonomía y Atención a la Dependencia (procedente del Real Decreto-ley 17/2026, de 23 de junio).",Gobierno,14/07/2026,Competencia Legislativa Plena; Urgente,Comisión de Derechos Sociales y Consumo Enmiendas,
ProyectosDeLey,Leg.15,121/000105/0000,Proyecto de Ley por la que se modifican diversas leyes para la digitalización y modernización del sector financiero.,Gobierno,17/07/2026,Competencia Legislativa Plena; Urgente,"Comisión de Economía, Comercio y Transformación Digital Enmiendas",
ProyectosDeLey,Leg.15,121/000106/0000,Proyecto de Ley Orgánica de medidas en materia de violencia vicaria.,Gobierno,17/07/2026,Normal,Comisión de Igualdad Enmiendas,
ProyectosDeLey,Leg.15,121/000107/0000,"Proyecto de Ley por la que se adoptan determinadas medidas en el marco del Plan Integral de Respuesta a la Crisis en Oriente Medio (procedente del Real Decreto-ley 18/2026, de 29 de junio).",Gobierno,23/07/2026,Competencia Legislativa Plena; Urgente,"Comisión de Economía, Comercio y Transformación Digital Enmiendas",
ProyectosDeLey,Leg.15,121/000108/0000,"Proyecto de Ley de medidas urgentes en materia de jubilación parcial anticipada del personal laboral de las Administraciones Públicas y de complemento de insularidad en Illes Balears (procedente del Real Decreto-ley 19/2026, de 29 de junio).",Gobierno,23/07/2026,Competencia Legislativa Plena; Urgente,Comisión de Hacienda y Función Pública Enmiendas,
ProyectosDeLey,Leg.15,121/000109/0000,Proyecto de Ley de los medicamentos y productos sanitarios.,Gobierno,24/07/2026,Competencia Legislativa Plena; Urgente,Comisión de Sanidad Enmiendas,
ProyectosDeLey,Leg.15,121/000110/0000,"Proyecto de Ley por la que se modifica la Ley 28/2005, de 26 de diciembre, de medidas sanitarias frente al tabaquismo y reguladora de la venta, el suministro, el consumo y la publicidad de los productos del tabaco.",Gobierno,24/07/2026,Competencia Legislativa Plena,Comisión de Sanidad Enmiendas,
ProyectosDeLey,Leg.15,121/000111/0000,Proyecto de Ley Orgánica de Integridad Pública.,Gobierno,31/07/2026,Urgente,Comisión de Hacienda y Función Pública Enmiendas,
ProyectosDeLey,Leg.15,121/000112/0000,Proyecto de Ley del Estatuto Marco del personal estatutario de los servicios de salud.,Gobierno,07/09/2026,Competencia Legislativa Plena,Comisión de Sanidad Enmiendas,
ProyectosDeLey,Leg.15,121/000113/0000,"Proyecto de Ley por la que se establecen medidas urgentes de protección laboral y social frente a los incendios forestales (procedente del Real Decreto-ley 20/2026, de 29 de julio).",Gobierno,09/09/2026,Competencia Legislativa Plena; Urgente,"Comisión de Trabajo, Eco. Social, Inclusión, S.Social y Migraciones Enmiendas",
ProyectosDeLey,Leg.15,121/000114/0000,"Proyecto de Ley por la que se aprueban medidas urgentes de carácter social y económico de apoyo a la ciudad de Ceuta (procedente del Real Decreto-ley 22/2026, de 1 de septiembre).",Gobierno,16/09/2026,Competencia Legislativa Plena; Urgente,Comisión de Política Territorial Enmiendas,
ProyectosDeLey,Leg.15,121/000115/0000,"Proyecto de Ley por la que se adoptan medidas fiscales y financieras urgentes que contribuyan a la reconstrucción económica y social de la isla de La Palma, así como medidas tendentes a promover la ejecución de inversiones por parte de las comunidades autónomas que han registrado superávits presupuestarios y excesos de financiación pendientes de aplicar de ejercicios anteriores a 2026 (procedente del Real Decreto-ley 23/2026, de 8 de septiembre).",Gobierno,23/09/2026,Competencia Legislativa Plena; Urgente,Comisión de Política Territorial Enmiendas,
PropuestasDeReforma,Leg.15,127/000001/0000,"Propuesta de reforma de la Ley Orgánica 3/1982, de 9 de junio, de Estatuto de Autonomía de La Rioja (corresponde a los números de expediente 127/000004/0000 de la XIII Legislatura y 127/000004/0000 de la XIV Legislatura).",Comunidad Autónoma de La Rioja - Parlamento,17/08/2023,,Pleno Debate de totalidad,
PropuestasDeReforma,Leg.15,127/000002/0000,Propuesta de reforma del Estatuto de Autonomía para Castilla-La Mancha.,Comunidad Autónoma de Castilla-La Mancha - Cortes,11/06/2025,Normal,Comisión Constitucional Informe,
ProposicionesDeLey,Leg.15,122/000001/0000,"Proposición de Ley de reforma de la Ley Orgánica 6/1985, de 1 de julio, del Poder Judicial (Orgánica).",Grupo Parlamentario Vasco (EAJ-PNV),29/08/2023,,Pleno Toma en consideración,
ProposicionesDeLey,Leg.15,122/000002/0000,"Proposición de Ley de modificación de la Ley 11/2002, de 6 de mayo, reguladora del Centro Nacional de Inteligencia; y de la Ley Orgánica 2/2002, de 6 de mayo, reguladora del control judicial previo del Centro Nacional de Inteligencia.",Grupo Parlamentario Vasco (EAJ-PNV),29/08/2023,,Comisión de Defensa Enmiendas,
ProposicionesDeLey,Leg.15,122/000003/0000,"Proposición de Ley de modificación de la Ley Orgánica 6/1985, de 1 de julio, del Poder Judicial.",Grupo Parlamentario Vasco (EAJ-PNV),29/08/2023,,Cerrado,Inadmitido a trámite en términos absolutos 05/09/2023
ProposicionesDeLey,Leg.15,122/000004/0000,"Proposición de Ley Orgánica de reforma de la Ley Orgánica 2/1979, de 3 de octubre, del Tribunal Constitucional.",Grupo Parlamentario Vasco (EAJ-PNV),29/08/2023,Normal,Comisión Constitucional Enmiendas,
ProposicionesDeLey,Leg.15,122/000005/0000,"Proposición de Ley de reforma de la Ley 9/1968, de 5 de abril, sobre secretos oficiales.",Grupo Parlamentario Vasco (EAJ-PNV),29/08/2023,Competencia Legislativa Plena,Comisión Constitucional Enmiendas,
ProposicionesDeLey,Leg.15,122/000006/0000,"Proposición de Ley Orgánica de reforma de la Ley Orgánica 10/1995, de 23 de noviembre, del Código Penal para la protección de la libertad de expresión.",Grupo Parlamentario Plurinacional SUMAR,22/09/2023,Normal,Comisión de Justicia Informe,
ProposicionesDeLey,Leg.15,122/000007/0000,Proposición de Ley para garantizar el derecho a la autonomía de la voluntad de los y las deportistas.,Grupo Parlamentario Republicano,22/09/2023,Competencia Legislativa Plena,"Comisión de Educación, Formación Profesional y Deportes Enmiendas",
ProposicionesDeLey,Leg.15,122/000008/0000,Proposición de Ley de atención integral a los enfermos de Esclerosis Lateral Amiotrófica (ELA) y otras personas en situación de gran dependencia.,Grupo Parlamentario VOX,04/10/2023,,Cerrado,Decaído 01/12/2023
ProposicionesDeLey,Leg.15,122/000009/0000,"Proposición de Ley Orgánica para la modificación de la Ley Orgánica 10/1995, de 23 de noviembre, del Código Penal, en materia de delitos contra la libertad e indemnidad sexuales.",Grupo Parlamentario VOX,05/10/2023,,Cerrado,Rechazado 18/12/2023
ProposicionesDeLey,Leg.15,122/000010/0000,"Proposición de Ley Orgánica de reforma de la Ley Orgánica 10/1995, de 23 de noviembre, del Código Penal para la protección de la libertad de expresión.",Grupo Parlamentario Plurinacional SUMAR,06/10/2023,,Cerrado,Retirado 10/10/2023
ProposicionesDeLey,Leg.15,122/000011/0000,Proposición de Ley Orgánica de regulación de las simulaciones de imágenes y voces de personas generadas por medio de la inteligencia artificial.,Grupo Parlamentario Plurinacional SUMAR,06/10/2023,,Cerrado,Retirado 15/03/2024
ProposicionesDeLey,Leg.15,122/000012/0000,"Proposición de Ley Orgánica de modificación de la Ley Orgánica 5/2005, de 17 de noviembre, de la Defensa Nacional.",Grupo Parlamentario VOX,11/10/2023,,Cerrado,Rechazado 21/09/2026
ProposicionesDeLey,Leg.15,122/000013/0000,"Proposición de Ley de modificación del Real Decreto Legislativo 8/2015, de 30 de octubre, por el que se aprueba el texto refundido de la Ley General de la Seguridad Social.",Grupo Parlamentario Vasco (EAJ-PNV),18/10/2023,,Cerrado,Retirado 21/02/2025
ProposicionesDeLey,Leg.15,122/000014/0000,"Proposición de Ley de modificación del artículo 84 del Real Decreto Legislativo 2/2015, de 23 de octubre, por el que se aprueba el texto refundido de la Ley del Estatuto de los Trabajadores.",Grupo Parlamentario Vasco (EAJ-PNV),18/10/2023,,Cerrado,Retirado 21/02/2025
ProposicionesDeLey,Leg.15,122/000015/0000,"Proposición de Ley de modificación de la Ley 7/1985, de 2 de abril, reguladora de las Bases del Régimen Local, con el fin de garantizar el uso del español en lo relativo a la denominación de los municipios.",Grupo Parlamentario VOX,20/10/2023,,Pleno Toma en consideración,
ProposicionesDeLey,Leg.15,122/000016/0000,"Proposición de Ley Orgánica de reforma de la Ley Orgánica 6/1985, de 1 de julio, del Poder Judicial, para la protección de los derechos humanos y la jurisdicción universal en España.",Grupo Parlamentario Plurinacional SUMAR,26/10/2023,Normal,Comisión de Justicia Enmiendas,
ProposicionesDeLey,Leg.15,122/000017/0000,Proposición de Ley Orgánica sobre crímenes de ETA sin resolver y sus víctimas para el cumplimiento del informe de 21 de abril de 2022 del Comité de Peticiones del Parlamento Europeo (PE702.917v03-00).,Grupo Parlamentario Popular en el Congreso,26/10/2023,,Cerrado,Rechazado 12/02/2024
ProposicionesDeLey,Leg.15,122/000018/0000,Proposición de Ley Orgánica para garantizar la unidad de España.,Grupo Parlamentario VOX,08/11/2023,,Cerrado,Rechazado 23/02/2024
ProposicionesDeLey,Leg.15,122/000019/0000,"Proposición de Ley Orgánica de amnistía para la normalización institucional, política y social en Cataluña.",Grupo Parlamentario Socialista,13/11/2023,Urgente,Cerrado,Aprobado con modificaciones 25/06/2024
ProposicionesDeLey,Leg.15,122/000020/0000,Proposición de Ley de atención integral a los enfermos de esclerosis lateral amiotrófica (ELA) y otras personas en situación de gran dependencia.,Grupo Parlamentario VOX,23/11/2023,,Cerrado,Decaído 17/05/2024
ProposicionesDeLey,Leg.15,122/000021/0000,Proposición de Ley de garantía del servicio de cajero automático en los municipios en riesgo de exclusión financiera.,Grupo Parlamentario Junts per Catalunya,27/11/2023,,Cerrado,Retirado 05/12/2023
ProposicionesDeLey,Leg.15,122/000022/0000,Proposición de Ley de garantía del servicio de cajero automático en los municipios en riesgo de exclusión financiera.,Grupo Parlamentario Junts per Catalunya,28/11/2023,,Cerrado,Retirado 01/03/2024
ProposicionesDeLey,Leg.15,122/000023/0000,Proposición de Ley sobre concesión de nacionalidad española a las y los saharauis nacidos bajo la administración española.,Grupo Parlamentario Plurinacional SUMAR,30/11/2023,,Cerrado,Retirado 15/03/2024
ProposicionesDeLey,Leg.15,122/000024/0000,"Proposición de Ley Orgánica por la que se modifica la Ley Orgánica 6/1985, de 1 de julio, del Poder Judicial, para la reforma del procedimiento de elección de los vocales del Consejo General del Poder Judicial.",Grupo Parlamentario VOX,30/11/2023,,Cerrado,Rechazado 04/03/2024
ProposicionesDeLey,Leg.15,122/000025/0000,"Proposición de Ley Orgánica de modificación del artículo 570 de la Ley Orgánica 6/1985, de 1 de julio, del Poder Judicial, para el cese inmediato en todas sus funciones de los miembros del Consejo General del Poder Judicial una vez finalizado su mandato.",Grupo Parlamentario Junts per Catalunya,07/12/2023,,Cerrado,Retirado 01/03/2024
ProposicionesDeLey,Leg.15,122/000026/0000,"Proposición de Ley de modificación de la Ley 49/2002, de 23 de diciembre, de régimen fiscal de las entidades sin fines lucrativos y de los incentivos fiscales al mecenazgo.",Grupo Parlamentario Junts per Catalunya,07/12/2023,,Cerrado,Retirado 01/03/2024
ProposicionesDeLey,Leg.15,122/000027/0000,Proposición de Ley para la atención integral de las necesidades de las personas afectadas por la Esclerosis Lateral Amiotrófica.,Grupo Parlamentario Popular en el Congreso,15/12/2023,,Cerrado,Subsumido en otra iniciativa 08/10/2024
ProposicionesDeLey,Leg.15,122/000028/0000,"Proposición de Ley Orgánica de modificación de la Ley Orgánica 5/1985, de 19 de junio, del Régimen Electoral General, relativa a las elecciones al Parlamento Europeo.",Grupo Parlamentario Popular en el Congreso,15/12/2023,,Cerrado,Rechazado 13/09/2024
ProposicionesDeLey,Leg.15,122/000029/0000,Proposición de Ley para la mejora de la prestación para el cuidado de hijos enfermos.,Grupo Parlamentario VOX,19/12/2023,,Cerrado,Decaído 17/05/2024
ProposicionesDeLey,Leg.15,122/000030/0000,Proposición de Ley de medidas para facilitar la subrogación y novación de préstamos hipotecarios de tipo variable a tipo fijo.,Grupo Parlamentario Mixto,19/12/2023,,Cerrado,Retirado 09/01/2024
ProposicionesDeLey,Leg.15,122/000031/0000,Proposición de Ley de reducción temporal del diferencial aplicable en las hipotecas a tipo variable de la vivienda habitual en situaciones de vulnerabilidad económica.,Grupo Parlamentario Mixto,19/12/2023,,Cerrado,Retirado 09/01/2024
ProposicionesDeLey,Leg.15,122/000032/0000,"Proposición de Ley del impuesto sobre la titularidad, tenencia, disponibilidad, disfrute o uso de bienes o derechos por personas con grandes fortunas.",Grupo Parlamentario Mixto,19/12/2023,,Cerrado,Retirado 09/01/2024
ProposicionesDeLey,Leg.15,122/000033/0000,Proposición de Ley General de Salud Mental.,Grupo Parlamentario Mixto,19/12/2023,,Cerrado,Retirado 09/01/2024
ProposicionesDeLey,Leg.15,122/000034/0000,Proposición de Ley de mejora de las condiciones de trabajo y protección social por desempleo de las personas trabajadoras agrarias por cuenta ajena y de los eventuales agrarios de Andalucía y Extremadura.,Grupo Parlamentario Mixto,19/12/2023,,Cerrado,Retirado 09/01/2024
ProposicionesDeLey,Leg.15,122/000035/0000,Proposición de Ley para el reconocimiento de personalidad jurídica de Doñana y su entorno de protección.,Grupo Parlamentario Mixto,19/12/2023,,Cerrado,Retirado 09/01/2024
ProposicionesDeLey,Leg.15,122/000036/0000,Proposición de Ley de regulación integral y control del cannabis en personas adultas.,Grupo Parlamentario Mixto,19/12/2023,,Cerrado,Retirado 09/01/2024
ProposicionesDeLey,Leg.15,122/000037/0000,Proposición de Ley en apoyo del sistema alimentario español como sector estratégico esencial de la economía.,Grupo Parlamentario Popular en el Congreso,20/12/2023,,Cerrado,Decaído 28/05/2024
ProposicionesDeLey,Leg.15,122/000038/0000,Proposición de Ley de protección del Patrimonio Histórico frente al vandalismo.,Grupo Parlamentario Popular en el Congreso,20/12/2023,,Cerrado,Rechazado 24/06/2024
ProposicionesDeLey,Leg.15,122/000039/0000,"Proposición de Ley de modificación de la Ley 7/1985, de 2 de abril, Reguladora de las Bases del Régimen Local, con el fin de modificar el padrón municipal en los casos de ocupación y de inmigración ilegal.",Grupo Parlamentario VOX,21/12/2023,,Cerrado,Rechazado 24/02/2025
ProposicionesDeLey,Leg.15,122/000040/0000,Proposición de Ley General de Salud Mental.,Grupo Parlamentario Mixto,21/12/2023,,Pleno Toma en consideración,
ProposicionesDeLey,Leg.15,122/000041/0000,Proposición de Ley de Regulación Integral y Control del Cannabis en Personas adultas.,Grupo Parlamentario Mixto,21/12/2023,,Pleno Toma en consideración,
ProposicionesDeLey,Leg.15,122/000042/0000,Proposición de Ley de reducción temporal del diferencial aplicable en las hipotecas a tipo variable de la vivienda habitual en situaciones de vulnerabilidad económica.,Grupo Parlamentario Mixto,21/12/2023,,Pleno Toma en consideración,
ProposicionesDeLey,Leg.15,122/000043/0000,Proposición de Ley para el reconocimiento de personalidad jurídica de Doñana y su entorno de protección.,Grupo Parlamentario Mixto,21/12/2023,,Pleno Toma en consideración,
ProposicionesDeLey,Leg.15,122/000044/0000,Proposición de Ley de mejora de las condiciones de trabajo y protección social por desempleo de las personas trabajadoras agrarias por cuenta ajena y de los eventuales agrarios de Andalucía y Extremadura.,Grupo Parlamentario Mixto,21/12/2023,,Pleno Toma en consideración,
ProposicionesDeLey,Leg.15,122/000045/0000,"Proposición de Ley del Impuesto sobre la Titularidad, Tenencia, Disponibilidad, Disfrute o Uso de Bienes o Derechos por personas con grandes fortunas.",Grupo Parlamentario Mixto,21/12/2023,,Pleno Toma en consideración,
ProposicionesDeLey,Leg.15,122/000046/0000,Proposición de Ley Orgánica para la protección de los animales.,Grupo Parlamentario VOX,22/12/2023,,Pleno Toma en consideración,
ProposicionesDeLey,Leg.15,122/000047/0000,Proposición de Ley relativa a la supresión del Impuesto sobre Sucesiones y Donaciones.,Grupo Parlamentario VOX,22/12/2023,,Cerrado,Decaído 15/03/2024
ProposicionesDeLey,Leg.15,122/000048/0000,Proposición de Ley Orgánica para la protección de los derechos constitucionales de los trabajadores.,Grupo Parlamentario VOX,11/01/2024,,Pleno Toma en consideración,
ProposicionesDeLey,Leg.15,122/000049/0000,Proposición de Ley sobre acceso al derecho de asilo y solicitudes de protección internacional en embajadas y consulados.,Grupo Parlamentario Plurinacional SUMAR,12/01/2024,,Cerrado,Retirado 15/03/2024
ProposicionesDeLey,Leg.15,122/000050/0000,"Proposición de Ley que modifica la Ley 50/1997, de 27 de noviembre, del Gobierno, para la necesaria incorporación de la perspectiva de familia en la elaboración de las leyes.",Grupo Parlamentario VOX,15/01/2024,,Pleno Toma en consideración,
ProposicionesDeLey,Leg.15,122/000051/0000,"Proposición de Ley relativa a la modificación de la Ley 2/2014, de 25 de marzo, de la Acción y del Servicio Exterior del Estado, para el informe previo a las Cortes Generales de los Consejos Europeos, así como la toma de decisiones no contempladas en la Estrategia de Acción en el Exterior.",Grupo Parlamentario Popular en el Congreso,18/01/2024,Competencia Legislativa Plena,Comisión de Asuntos Exteriores Enmiendas,
ProposicionesDeLey,Leg.15,122/000052/0000,Proposición de Ley relativa a la conservación del lobo en España y su cohabitación con la ganadería extensiva y la lucha contra el reto demográfico.,Grupo Parlamentario Popular en el Congreso,24/01/2024,Competencia Legislativa Plena,Comisión de Transición Ecológica y Reto Demográfico Enmiendas,
ProposicionesDeLey,Leg.15,122/000053/0000,Proposición de Ley de Familias.,Grupo Parlamentario Mixto,29/01/2024,,Mesa del Congreso Requerimiento de aclaración,
ProposicionesDeLey,Leg.15,122/000054/0000,Proposición de Ley Orgánica relativa a la modificación del régimen jurídico de la nacionalidad.,Grupo Parlamentario VOX,01/02/2024,,Cerrado,Rechazado 21/10/2024
ProposicionesDeLey,Leg.15,122/000055/0000,Proposición de Ley para una correcta imposición de los beneficios caídos del cielo de la gran banca.,Grupo Parlamentario Mixto,16/02/2024,,Cerrado,Rechazado 15/04/2024
ProposicionesDeLey,Leg.15,122/000056/0000,"Proposición de Ley por la que se modifica el artículo 274 del texto refundido de la Ley General de la Seguridad Social, aprobado por Real Decreto Legislativo 8/2015, de 30 de octubre, para eliminar el subsidio previsto para los menores que no ostenten la nacionalidad española privados de libertad por cumplimiento de medida de internamiento en centro.",Grupo Parlamentario VOX,20/02/2024,,Cerrado,Rechazado 13/09/2024
ProposicionesDeLey,Leg.15,122/000057/0000,Proposición de Ley Orgánica de Cuidados Paliativos en el proceso final de la vida.,Grupo Parlamentario VOX,21/02/2024,,Pleno Toma en consideración,
ProposicionesDeLey,Leg.15,122/000058/0000,Proposición de Ley para mejorar la calidad de vida de las personas con esclerosis lateral amiotrófica.,Grupo Parlamentario Junts per Catalunya,22/02/2024,Competencia Legislativa Plena,Cerrado,Subsumido en otra iniciativa 08/10/2024
ProposicionesDeLey,Leg.15,122/000059/0000,Proposición de Ley de Familias.,Grupo Parlamentario Mixto,23/02/2024,,Pleno Toma en consideración,
ProposicionesDeLey,Leg.15,122/000060/0000,"Proposición de Ley de Modificación del Texto refundido de la Ley de Garantías y Uso Racional de los Medicamentos y Productos Sanitarios y el Real Decreto 1030/2006 de 15 de septiembre, aprobado por Real Decreto Legislativo 1/2015 de 24 de julio, en lo relativo a Enfermedades Raras y Medicamentos Huérfanos y Ultra-huérfanos.",Grupo Parlamentario VOX,28/02/2024,,Pleno Toma en consideración,
ProposicionesDeLey,Leg.15,122/000061/0000,"Proposición de Ley por la que se modifica la Ley 27/2014, de 27 de noviembre, del Impuesto sobre Sociedades con el fin de introducir deducciones fiscales por la creación de empleo y la contratación de mujeres embarazadas y de padres y madres de familia numerosa o con hijos con discapacidad.",Grupo Parlamentario VOX,29/02/2024,,Cerrado,Decaído 17/05/2024
ProposicionesDeLey,Leg.15,122/000062/0000,"Proposición de Ley Orgánica de modificación de la Ley Orgánica 6/1985, de 1 de julio, del Poder Judicial, relativa a la delimitación de las competencias de la Audiencia Nacional para el enjuiciamiento de los delitos de narcotráfico, blanqueo de capitales, trata y tráfico de personas por organizaciones criminales.",Grupo Parlamentario Popular en el Congreso,04/03/2024,,Cerrado,Rechazado 01/07/2024
ProposicionesDeLey,Leg.15,122/000063/0000,"Proposición de Ley por la que se modifica la Ley 12/2013, de 2 de agosto, de medidas para mejorar el funcionamiento de la cadena alimentaria.",Grupo Parlamentario Republicano,06/03/2024,,Cerrado,Retirado 12/03/2024
ProposicionesDeLey,Leg.15,122/000064/0000,"Proposición de Ley por la que se modifica la Ley 12/2013, de 2 de agosto, de medidas para mejorar el funcionamiento de la cadena alimentaria.",Grupo Parlamentario Republicano,06/03/2024,Competencia Legislativa Plena,"Comisión de Agricultura, Pesca y Alimentación Enmiendas",
ProposicionesDeLey,Leg.15,122/000065/0000,"Proposición de Ley Orgánica por la que se modifica la Ley Orgánica 5/1985, de 19 de junio, del Régimen Electoral General, para incluir como inelegibles a los prófugos de la justicia.",Grupo Parlamentario VOX,07/03/2024,,Pleno Toma en consideración,
ProposicionesDeLey,Leg.15,122/000066/0000,"Proposición de Ley Orgánica por la que se modifica la Ley Orgánica 1/2004, de 28 de diciembre, de Medidas de Protección Integral contra la Violencia de Género.",Grupo Parlamentario Mixto,08/03/2024,,Pleno Toma en consideración,
ProposicionesDeLey,Leg.15,122/000067/0000,"Proposición de Ley Orgánica contra el racismo, la discriminación racial y formas conexas de intolerancia.",Grupo Parlamentario Mixto,08/03/2024,,Pleno Toma en consideración,
ProposicionesDeLey,Leg.15,122/000068/0000,"Proposición de Ley Orgánica para el impulso de la aplicación de la Ley Orgánica 10/2022, de 6 de septiembre, de garantía integral de la libertad sexual, y la plena protección de las víctimas de violencias sexuales.",Grupo Parlamentario Mixto,08/03/2024,,Comisión de Igualdad Enmiendas,
ProposicionesDeLey,Leg.15,122/000069/0000,"Proposición de Ley Orgánica contra la trata de mujeres, niñas y niños, especialmente con fines de explotación sexual.",Grupo Parlamentario Mixto,08/03/2024,,Pleno Toma en consideración,
ProposicionesDeLey,Leg.15,122/000070/0000,"Proposición de Ley para la atención integral de las personas afectadas por enfermedades neurodegenerativas, como la Esclerosis Lateral Amiotrófica (ELA).",Grupo Parlamentario Socialista,12/03/2024,Competencia Legislativa Plena,Cerrado,Subsumido en otra iniciativa 08/10/2024
ProposicionesDeLey,Leg.15,122/000071/0000,Proposición de Ley sobre acceso al derecho de asilo y solicitudes de protección internacional en embajadas y consulados.,Grupo Parlamentario Plurinacional SUMAR,12/03/2024,,Pleno Toma en consideración,
ProposicionesDeLey,Leg.15,122/000072/0000,Proposición de Ley sobre concesión de nacionalidad española a las y los saharauis nacidos bajo la administración española.,Grupo Parlamentario Plurinacional SUMAR,12/03/2024,Urgente,Senado,
ProposicionesDeLey,Leg.15,122/000073/0000,Proposición de Ley Orgánica de regulación de las simulaciones de imágenes y voces de personas generadas por medio de la inteligencia artificial.,Grupo Parlamentario Plurinacional SUMAR,12/03/2024,,Pleno Toma en consideración,
ProposicionesDeLey,Leg.15,122/000074/0000,"Proposición de Ley Orgánica por la que se modifica la Ley Orgánica 5/1985, de 19 de junio, del Régimen Electoral General, para reforzar la prevención del fraude electoral.",Grupo Parlamentario VOX,15/03/2024,,Cerrado,Rechazado 29/06/2026
ProposicionesDeLey,Leg.15,122/000075/0000,Proposición de Ley por la que se modifica el régimen jurídico de la accesibilidad en materia de propiedad horizontal.,Grupo Parlamentario VOX,15/03/2024,,Pleno Toma en consideración,
ProposicionesDeLey,Leg.15,122/000076/0000,"Proposición de Ley Orgánica de modificación de la Ley Orgánica 1/1979, de 26 de septiembre, General Penitenciaria, para el reconocimiento del carácter de agentes de la autoridad a los funcionarios públicos de prisiones en el desempeño de su labor profesional.",Grupo Parlamentario VOX,19/03/2024,,Cerrado,Retirado 02/04/2024
ProposicionesDeLey,Leg.15,122/000077/0000,"Proposición de Ley Orgánica por la que se modifica la Ley Orgánica 10/1995, de 23 de noviembre, del Código Penal, para prohibir el proxenetismo en todas sus formas.",Grupo Parlamentario Socialista,19/03/2024,,Cerrado,Rechazado 27/05/2024
ProposicionesDeLey,Leg.15,122/000078/0000,"Proposición de Ley Orgánica de modificación de la Ley Orgánica 1/1979, de 26 de septiembre, General Penitenciaria, para el reconocimiento del carácter de agentes de la autoridad a los funcionarios públicos de prisiones en el desempeño de su labor profesional.",Grupo Parlamentario VOX,20/03/2024,,Pleno Toma en consideración,
ProposicionesDeLey,Leg.15,122/000079/0000,Proposición de Ley de creación de la Oficina de prevención de la corrupción.,Grupo Parlamentario Plurinacional SUMAR,21/03/2024,,Cerrado,Retirado 09/04/2024
ProposicionesDeLey,Leg.15,122/000080/0000,Proposición de Ley de modificación del artículo 324 de la Ley de Enjuiciamiento Criminal.,Grupo Parlamentario VOX,21/03/2024,,Pleno Toma en consideración,
ProposicionesDeLey,Leg.15,122/000081/0000,"Proposición de Ley Orgánica de modificación de la Ley Orgánica 1/1979, de 26 de septiembre, General Penitenciaria, para el reconocimiento del carácter de agentes de la autoridad a los funcionarios de cuerpos penitenciarios en el ejercicio de sus funciones.",Grupo Parlamentario Popular en el Congreso,21/03/2024,Normal,Comisión de Interior Enmiendas,
ProposicionesDeLey,Leg.15,122/000082/0000,Proposición de Ley de medidas para garantizar el carácter público del Sistema Nacional de Salud.,Grupo Parlamentario Mixto,26/03/2024,,Pleno Toma en consideración,
ProposicionesDeLey,Leg.15,122/000083/0000,"Proposición de Ley Orgánica en materia de multirreincidencia, por la que se modifica la Ley Orgánica 10/1995, de 23 de noviembre, del Código Penal y la Ley de Enjuiciamiento Criminal, aprobada por Real Decreto de 14 de septiembre de 1882.",Grupo Parlamentario Junts per Catalunya,28/03/2024,Normal,Cerrado,Aprobado con modificaciones 30/06/2026
ProposicionesDeLey,Leg.15,122/000084/0000,"Proposición de Ley de modificación de la Ley 35/2006, de 28 de noviembre, del Impuesto sobre la Renta de las Personas Físicas y de modificación parcial de las leyes de los Impuestos sobre Sociedades, sobre la Renta de no Residentes y sobre el Patrimonio.",Grupo Parlamentario VOX,03/04/2024,,Cerrado,Decaído 13/05/2026
ProposicionesDeLey,Leg.15,122/000085/0000,Proposición de Ley de creación de la Oficina de prevención de la corrupción.,Grupo Parlamentario Plurinacional SUMAR,04/04/2024,,Cerrado,Retirado 09/04/2024
ProposicionesDeLey,Leg.15,122/000086/0000,Proposición de Ley de creación de la Oficina de prevención de la corrupción.,Grupo Parlamentario Plurinacional SUMAR,04/04/2024,,Cerrado,Rechazado 22/09/2025
ProposicionesDeLey,Leg.15,122/000087/0000,"Proposición de Ley Orgánica de modificación de la Ley Orgánica 2/1979, de 3 de octubre, del Tribunal Constitucional.",Grupo Parlamentario VOX,11/04/2024,,Cerrado,Rechazado 01/07/2024
ProposicionesDeLey,Leg.15,122/000088/0000,"Proposición de Ley Orgánica por la que se modifica el artículo ochenta de la Ley Orgánica 1/1979, de 26 de septiembre, General Penitenciaria, para reconocer, a efectos legales, el carácter de agentes de la autoridad a los funcionarios de la Administración Penitenciaria.",Grupo Parlamentario Socialista,17/04/2024,Normal,Senado,
ProposicionesDeLey,Leg.15,122/000089/0000,"Proposición de Ley Orgánica de modificación de la Ley Orgánica 10/1995, de 23 de noviembre, del Código Penal, en materia de multirreincidencia en los delitos de hurto y estafa.",Grupo Parlamentario Popular en el Congreso,17/04/2024,,Cerrado,Retirado 24/04/2024
ProposicionesDeLey,Leg.15,122/000090/0000,"Proposición de Ley Orgánica de modificación de la Ley Orgánica 10/1995, de 23 de noviembre, del Código Penal, en materia de multirreincidencia en los delitos de hurto y estafa.",Grupo Parlamentario Popular en el Congreso,18/04/2024,,Cerrado,Retirado 24/04/2024
ProposicionesDeLey,Leg.15,122/000091/0000,"Proposición de Ley Orgánica de modificación de la Ley Orgánica 10/1995, de 23 de noviembre, del Código Penal, en materia de multirreincidencia en los delitos de hurto y estafa.",Grupo Parlamentario Popular en el Congreso,18/04/2024,Normal,Comisión de Justicia Enmiendas,
ProposicionesDeLey,Leg.15,122/000092/0000,Proposición de Ley para la mejora de la atención a los ciudadanos por parte de las Administraciones públicas.,Grupo Parlamentario VOX,18/04/2024,,Cerrado,Decaído 13/05/2026
ProposicionesDeLey,Leg.15,122/000093/0000,"Proposición de Ley de modificación de la Ley 2/2014, de 25 de marzo, de la Acción y del Servicio Exterior del Estado para la eliminación de las oficinas regionales en el exterior.",Grupo Parlamentario VOX,26/04/2024,,Pleno Toma en consideración,
ProposicionesDeLey,Leg.15,122/000094/0000,"Proposición de Ley Orgánica por la que se modifica la Ley Orgánica 6/1985, de 1 de julio, del Poder Judicial para la reforma del procedimiento de elección de los Vocales del Consejo General del Poder Judicial correspondientes al turno judicial.",Grupo Parlamentario Mixto,29/04/2024,,Pleno Toma en consideración,
ProposicionesDeLey,Leg.15,122/000095/0000,Proposición de Ley del Estatuto de las Trabajadoras y Trabajadores.,Grupo Parlamentario Mixto,30/04/2024,,Pleno Toma en consideración,
ProposicionesDeLey,Leg.15,122/000096/0000,Proposición de Ley de registro de intereses de las personas propietarias o directivas de medios de comunicación.,Grupo Parlamentario Mixto,07/05/2024,,Pleno Toma en consideración,
ProposicionesDeLey,Leg.15,122/000097/0000,Proposición de Ley para la mejora de la protección de las personas donantes en vivo de órganos o tejidos para su posterior trasplante.,Grupo Parlamentario Socialista,10/05/2024,Competencia Legislativa Plena,Cerrado,Aprobado con modificaciones 04/02/2025
ProposicionesDeLey,Leg.15,122/000098/0000,"Proposición de Ley Orgánica de reforma de la Ley Orgánica 4/2015, de 30 de marzo, de protección de la seguridad ciudadana.",Grupo Parlamentario Plurinacional SUMAR,10/05/2024,,Pleno Toma en consideración,
ProposicionesDeLey,Leg.15,122/000099/0000,"Proposición de Ley para la modificación de la Ley 14/2013, de 27 de septiembre, de apoyo a los emprendedores y su internacionalización.",Grupo Parlamentario Plurinacional SUMAR,14/05/2024,,Pleno Toma en consideración,
ProposicionesDeLey,Leg.15,122/000100/0000,Proposición de Ley para la garantía de los derechos de las personas trabajadoras en procesos de deslocalización y transmisión de unidades productivas.,Grupo Parlamentario Plurinacional SUMAR,16/05/2024,,Cerrado,Rechazado 02/03/2026
ProposicionesDeLey,Leg.15,122/000101/0000,"Proposición de Ley relativa a la modificación de la Ley Orgánica 2/2023, de 22 de marzo, del Sistema Universitario, para la recuperación de las condiciones laborales del profesorado sustituto universitario (Orgánica).",Grupo Parlamentario Euskal Herria Bildu,17/05/2024,,Cerrado,Retirado 27/09/2024
ProposicionesDeLey,Leg.15,122/000102/0000,Proposición de Ley de prevención de la especulación y garantías de la vivienda como bien social.,Grupo Parlamentario Mixto,20/05/2024,,Pleno Toma en consideración,
ProposicionesDeLey,Leg.15,122/000103/0000,"Proposición de Ley Orgánica de reforma de la Ley Orgánica 4/2015, de 30 de marzo, de protección de la seguridad ciudadana.",Grupo Parlamentario Mixto,20/05/2024,,Pleno Toma en consideración,
ProposicionesDeLey,Leg.15,122/000104/0000,Proposición de Ley de garantía del derecho a la información veraz y lucha contra la desinformación.,Grupo Parlamentario Mixto,21/05/2024,,Cerrado,Retirado 28/05/2024
ProposicionesDeLey,Leg.15,122/000105/0000,Proposición de Ley de jubilación sin penalización.,Grupo Parlamentario Mixto,23/05/2024,Competencia Legislativa Plena,"Comisión de Trabajo, Eco. Social, Inclusión, S.Social y Migraciones Enmiendas",
ProposicionesDeLey,Leg.15,122/000106/0000,Proposición de Ley para la protección de los trabajadores autónomos.,Grupo Parlamentario VOX,24/05/2024,,Cerrado,Decaído 13/05/2026
ProposicionesDeLey,Leg.15,122/000107/0000,Proposición de Ley Orgánica de garantía del derecho a la información veraz y lucha contra la desinformación.,Grupo Parlamentario Mixto,24/05/2024,,Pleno Toma en consideración,
ProposicionesDeLey,Leg.15,122/000108/0000,"Proposición de Ley para la garantía, a nivel estatal, del funcionamiento efectivo de la tarjeta sanitaria individual y de la plena interoperabilidad de las historias clínicas.",Grupo Parlamentario VOX,29/05/2024,,Cerrado,Rechazado 02/12/2024
ProposicionesDeLey,Leg.15,122/000109/0000,Proposición de Ley Orgánica sobre reforma del sistema de acceso a la carrera judicial.,Grupo Parlamentario Plurinacional SUMAR,31/05/2024,,Pleno Toma en consideración,
ProposicionesDeLey,Leg.15,122/000110/0000,"Proposición de Ley Orgánica de modificación de la Ley Orgánica 5/1985, de 19 de junio, del Régimen Electoral General, relativa a las causas de inelegibilidad.",Grupo Parlamentario Popular en el Congreso,31/05/2024,,Cerrado,Rechazado 21/10/2024
ProposicionesDeLey,Leg.15,122/000111/0000,Proposición de Ley de autorización del embargo total de armas y reducción del gasto militar.,Grupo Parlamentario Mixto,04/06/2024,,Pleno Toma en consideración,
ProposicionesDeLey,Leg.15,122/000112/0000,"Proposición de Ley Orgánica para la modificación de la Ley Orgánica 10/1995, de 23 de noviembre, del Código Penal, para garantizar el derecho a la legítima defensa.",Grupo Parlamentario VOX,11/06/2024,,Pleno Toma en consideración,
ProposicionesDeLey,Leg.15,122/000113/0000,Proposición de Ley sobre 'bebés robados' en el Estado español: desaparición forzada de menores.,Grupo Parlamentario Mixto | Grupo Parlamentario Plurinacional SUMAR,11/06/2024,,Pleno Toma en consideración,
ProposicionesDeLey,Leg.15,122/000114/0000,"Proposición de Ley por la que se modifica el texto refundido de la Ley de Suelo y Rehabilitación Urbana, aprobado por el Real Decreto Legislativo 7/2015, de 30 de octubre.",Grupo Parlamentario Vasco (EAJ-PNV),13/06/2024,,Cerrado,Rechazado 03/03/2025
ProposicionesDeLey,Leg.15,122/000115/0000,Proposición de Ley Orgánica de reforma del Código Penal.,Grupo Parlamentario Mixto,24/06/2024,,Pleno Toma en consideración,
ProposicionesDeLey,Leg.15,122/000116/0000,"Proposición de Ley Orgánica relativa a la reforma de la Ley Orgánica 5/2005, de 17 de noviembre, de la Defensa Nacional, para el envío de ayuda militar al extranjero.",Grupo Parlamentario Popular en el Congreso,25/06/2024,Normal,Comisión de Defensa Enmiendas,
ProposicionesDeLey,Leg.15,122/000117/0000,"Proposición de Ley Orgánica de reforma de la Ley Orgánica 2/2006 de 3 de mayo, de Educación.",Grupo Parlamentario Mixto,25/06/2024,,Pleno Toma en consideración,
ProposicionesDeLey,Leg.15,122/000118/0000,"Proposición de Ley Orgánica de reforma de la Ley Orgánica 6/1985, de 1 de julio, del Poder Judicial y de reforma de la Ley 50/1981, de 30 de diciembre, por la que se regula el Estatuto Orgánico del Ministerio Fiscal.",Grupo Parlamentario Popular en el Congreso | Grupo Parlamentario Socialista,26/06/2024,Urgente,Cerrado,Aprobado con modificaciones 10/09/2024
ProposicionesDeLey,Leg.15,122/000119/0000,Proposición de Ley relativa a la regulación de los contratos de alquiler de vivienda por temporada y alquiler de habitaciones.,Grupo Parlamentario Plurinacional SUMAR,27/06/2024,,Cerrado,Rechazado 23/09/2024
ProposicionesDeLey,Leg.15,122/000120/0000,Proposición de Ley relativa a la regulación de actividades económicas y comerciales con los asentamientos establecidos en los territorios militares ocupados.,Grupo Parlamentario Plurinacional SUMAR,27/06/2024,,Pleno Toma en consideración,
ProposicionesDeLey,Leg.15,122/000121/0000,Proposición de Ley en apoyo del sistema alimentario español como sector estratégico esencial de la economía.,Grupo Parlamentario Popular en el Congreso,28/06/2024,,Cerrado,Decaído 10/12/2024
ProposicionesDeLey,Leg.15,122/000122/0000,"Proposición de Ley por la que se reforma la Ley 53/2007, de 28 de diciembre, sobre el control del comercio exterior de material de defensa y de doble uso, introduciendo la figura del embargo y su régimen jurídico.",Grupo Parlamentario Mixto | Grupo Parlamentario Plurinacional SUMAR,11/07/2024,Competencia Legislativa Plena; Urgente,Comisión de Defensa Enmiendas,
ProposicionesDeLey,Leg.15,122/000123/0000,"Proposición de Ley de modificación de la Ley Orgánica 4/2000, de 11 de enero, sobre derechos y libertades de los extranjeros en España y su integración social.",Grupo Parlamentario Mixto | Grupo Parlamentario Plurinacional SUMAR | Grupo Parlamentario Socialista,15/07/2024,,Cerrado,Rechazado 29/07/2024
ProposicionesDeLey,Leg.15,122/000124/0000,Proposición de Ley relativa a la regulación de las cláusulas Redito Ad Libitum en la contratación de préstamos y créditos hipotecarios.,Grupo Parlamentario Plurinacional SUMAR,16/07/2024,Normal,Comisión de Derechos Sociales y Consumo Enmiendas,
ProposicionesDeLey,Leg.15,122/000125/0000,Proposición de Ley para garantizar la representación internacional de las federaciones deportivas españolas en las actividades y competiciones deportivas de carácter internacional.,Grupo Parlamentario Popular en el Congreso,19/07/2024,,Cerrado,Rechazado 04/11/2024
ProposicionesDeLey,Leg.15,122/000126/0000,"Proposición de Ley Orgánica por la que se modifica la Ley Orgánica 1/2002, de 22 de marzo, reguladora del derecho de asociación.",Grupo Parlamentario Socialista,06/09/2024,Normal,Cerrado,Aprobado con modificaciones 08/07/2025
ProposicionesDeLey,Leg.15,122/000127/0000,"Proposición de Ley Orgánica para abordar la recuperación urgente por parte de las personas trabajadoras de los derechos de conciliación eliminados por la Ley Orgánica 2/2024, de 1 de agosto, de representación paritaria y presencia equilibrada de mujeres y hombres.",Grupo Parlamentario Popular en el Congreso,10/09/2024,,Pleno Toma en consideración,
ProposicionesDeLey,Leg.15,122/000128/0000,Proposición de Ley para mejorar la calidad de vida de personas con Esclerosis Lateral Amiotrófica y otras enfermedades o procesos de alta complejidad y curso irreversible.,Comisión de Derechos Sociales y Consumo,24/09/2024,Normal,Cerrado,Aprobado con modificaciones 19/11/2024
ProposicionesDeLey,Leg.15,122/000129/0000,Proposición de Ley de Conciliación y Corresponsabilidad Familiar.,Grupo Parlamentario Popular en el Congreso,01/10/2024,,Cerrado,Decaído 26/11/2024
ProposicionesDeLey,Leg.15,122/000130/0000,"Proposición de Ley de modificación de la Ley 24/2013, de 26 de diciembre, del Sector Eléctrico y la Ley 34/1998, de 7 de octubre, del sector de hidrocarburos para armonizar la información a incluir en las páginas web, contratos y facturas de electricidad y gas en relación a la resolución alternativa de litigios en materia de consumo.",Grupo Parlamentario Socialista,03/10/2024,Normal,Comisión de Transición Ecológica y Reto Demográfico Informe,
ProposicionesDeLey,Leg.15,122/000131/0000,Proposición de Ley Orgánica de protección de las libertades y seguridad ciudadana.,Grupo Parlamentario Euskal Herria Bildu | Grupo Parlamentario Plurinacional SUMAR | Grupo Parlamentario Socialista | Grupo Parlamentario Vasco (EAJ-PNV),04/10/2024,Urgente,Comisión de Interior Informe,
ProposicionesDeLey,Leg.15,122/000132/0000,"Proposición de Ley de modificación del Real Decreto Legislativo 1/2007, de 16 de noviembre, por el que se aprueba el texto refundido de la Ley General para la Defensa de los Consumidores y Usuarios y otras leyes complementarias, para prevenir la práctica de la reduflación y proteger los derechos de las personas consumidoras.",Grupo Parlamentario Socialista,14/10/2024,Competencia Legislativa Plena,Comisión de Derechos Sociales y Consumo Enmiendas,
ProposicionesDeLey,Leg.15,122/000133/0000,Proposición de Ley sobre el derecho a otorgar instrucciones previas.,Grupo Parlamentario Socialista,17/10/2024,,Cerrado,Rechazado 16/12/2024
ProposicionesDeLey,Leg.15,122/000134/0000,"Proposición de Ley para la recuperación de la bonificación de las cuotas patronales de la Seguridad Social para los empresarios de las ciudades de Ceuta y Melilla, cuyas actividades estén encuadradas en los sectores recogidos en la presente ley, con cuentas de cotización y trabajadores asignados a dichas empresas.",Grupo Parlamentario Popular en el Congreso,19/10/2024,Competencia Legislativa Plena,"Comisión de Trabajo, Eco. Social, Inclusión, S.Social y Migraciones Enmiendas",
ProposicionesDeLey,Leg.15,122/000135/0000,"Proposición de Ley sobre exención fiscal de las ayudas previstas en el Real Decreto 574/2023, de 4 de julio, por el que se regula el procedimiento de concesión de ayudas a las personas afectadas por la talidomida en España durante el periodo 1950-1985.",Grupo Parlamentario Popular en el Congreso,19/10/2024,,Cerrado,Decaído 17/12/2024
ProposicionesDeLey,Leg.15,122/000136/0000,Proposición de Ley para la regulación de los contratos de alquiler temporales y alquiler de habitaciones.,Grupo Parlamentario Euskal Herria Bildu | Grupo Parlamentario Mixto | Grupo Parlamentario Plurinacional SUMAR | Grupo Parlamentario Republicano,22/10/2024,Urgente,Comisión de Vivienda y Agenda Urbana Dictamen,
ProposicionesDeLey,Leg.15,122/000137/0000,"Proposición de Ley de modificación de la Ley 39/1995, de 19 de diciembre, de Organización del Centro de Investigaciones Sociológicas, para reforzar su independencia.",Grupo Parlamentario Popular en el Congreso,25/10/2024,Competencia Legislativa Plena,Comisión Constitucional Enmiendas,
ProposicionesDeLey,Leg.15,122/000138/0000,Proposición de Ley relativa a la consideración de acontecimientos de excepcional interés público para el ejercicio 2025.,Grupo Parlamentario Popular en el Congreso,30/10/2024,,Cerrado,Decaído 22/01/2025
ProposicionesDeLey,Leg.15,122/000139/0000,Proposición de Ley sobre la reducción de la tasa máxima de alcohol en la conducción y la prohibición de la difusión de la ubicación de controles en redes sociales.,Grupo Parlamentario Socialista,31/10/2024,Competencia Legislativa Plena,Cerrado,Rechazado 30/03/2026
ProposicionesDeLey,Leg.15,122/000140/0000,"Proposición de Ley de modificación de la Ley 7/2022, de 8 de abril, de residuos y suelos contaminados para una economía circular.",Grupo Parlamentario Popular en el Congreso,31/10/2024,,Cerrado,Decaído 22/01/2025
ProposicionesDeLey,Leg.15,122/000141/0000,Proposición de Ley relativa a la violencia en el ámbito sanitario.,Grupo Parlamentario Popular en el Congreso,08/11/2024,,Cerrado,Rechazado 17/02/2025
ProposicionesDeLey,Leg.15,122/000142/0000,"Proposición de Ley de Memoria y Justicia para la Reparación de las Personas trans y LGTBI víctimas de la dictadura por motivos de Orientación Sexual, Identidad y/o Expresión de Género.",Grupo Parlamentario Mixto | Grupo Parlamentario Plurinacional SUMAR,19/11/2024,,Pleno Toma en consideración,
ProposicionesDeLey,Leg.15,122/000143/0000,"Proposición de Ley de modificación del Real Decreto Legislativo 8/2015, de 30 de octubre, por el que se aprueba el texto refundido de la Ley General de la Seguridad Social en relación con las mutualidades alternativas reguladas en sus disposiciones adicionales 18ª y 19ª.",Grupo Parlamentario Socialista,21/11/2024,Urgente,Cerrado,Aprobado con modificaciones 15/09/2026
ProposicionesDeLey,Leg.15,122/000144/0000,Proposición de Ley Integral para Barrios Vulnerables.,Grupo Parlamentario Plurinacional SUMAR,11/12/2024,,Pleno Toma en consideración,
ProposicionesDeLey,Leg.15,122/000145/0000,Proposición de Ley para la protección de la infancia y la adolescencia frente a la violencia de la tauromaquia.,Grupo Parlamentario Plurinacional SUMAR,20/12/2024,,Pleno Toma en consideración,
ProposicionesDeLey,Leg.15,122/000146/0000,"Proposición de Ley de modificación de la Ley 19/1994, de 6 de julio, de modificación del Régimen Económico y Fiscal de Canarias, para la regulación de las inversiones en elementos patrimoniales afectos a la actividad de arrendamiento de vivienda en las Islas Canarias.",Grupo Parlamentario Mixto | Grupo Parlamentario Socialista,26/12/2024,Competencia Legislativa Plena,Cerrado,Aprobado con modificaciones 09/09/2025
ProposicionesDeLey,Leg.15,122/000147/0000,Proposición de Ley Orgánica de garantía y protección de los derechos fundamentales frente al acoso derivado de acciones judiciales abusivas.,Grupo Parlamentario Socialista,10/01/2025,,Cerrado,Retirado 14/11/2025
ProposicionesDeLey,Leg.15,122/000148/0000,"Proposición de Ley relativa al establecimiento de nuevos mecanismos para atender de manera urgente y ágil situaciones de emergencia, como la derivada de la DANA de octubre de 2024.",Grupo Parlamentario Popular en el Congreso,11/01/2025,,Cerrado,Decaído 14/03/2025
ProposicionesDeLey,Leg.15,122/000149/0000,"Proposición de Ley Orgánica para garantizar el funcionamiento de las secciones de los Tribunales de Instancia y de las Audiencias provinciales en materia de violencia sobre la mujer, así como la especialización de los jueces y magistrados destinados en ellas.",Grupo Parlamentario Popular en el Congreso,15/01/2025,,Cerrado,Rechazado 31/03/2025
ProposicionesDeLey,Leg.15,122/000150/0000,Proposición de Ley Orgánica de medidas urgentes para hacer frente a la ocupación ilegal de inmuebles.,Grupo Parlamentario Junts per Catalunya,21/01/2025,Normal,Comisión de Justicia Enmiendas,
ProposicionesDeLey,Leg.15,122/000151/0000,Proposición de Ley para la revalorización de las pensiones en 2025.,Grupo Parlamentario Popular en el Congreso,22/01/2025,,Pleno Toma en consideración,
ProposicionesDeLey,Leg.15,122/000152/0000,Proposición de Ley de medidas complementarias para ayudar a los afectados por la DANA.,Grupo Parlamentario Popular en el Congreso,22/01/2025,,Pleno Toma en consideración,
ProposicionesDeLey,Leg.15,122/000153/0000,Proposición de Ley por la que se adoptan medidas en materia de transporte.,Grupo Parlamentario Popular en el Congreso,23/01/2025,,Pleno Toma en consideración,
ProposicionesDeLey,Leg.15,122/000154/0000,"Proposición de Ley sobre modificación de la Ley Orgánica 14/2025, de 14 de octubre, del Código Penal Militar (Orgánica).",Grupo Parlamentario Plurinacional SUMAR,30/01/2025,,Pleno Toma en consideración,
ProposicionesDeLey,Leg.15,122/000155/0000,"Proposición de Ley de Modificación de la Ley 35/2006, de 28 de noviembre, del Impuesto sobre la Renta de las Personas Físicas y de modificación parcial de las leyes de los Impuestos sobre Sociedades, sobre la Renta de no Residentes y sobre el Patrimonio.",Grupo Parlamentario Mixto,11/02/2025,,Cerrado,Decaído 01/04/2025
ProposicionesDeLey,Leg.15,122/000156/0000,Proposición de Ley para ajustar el límite exento del IRPF al Salario Mínimo Interprofesional.,Grupo Parlamentario Popular en el Congreso,11/02/2025,,Cerrado,Decaído 08/04/2025
ProposicionesDeLey,Leg.15,122/000157/0000,Proposición de Ley para actualizar el Impuesto de la Renta de las Personas Físicas al incremento del Salario Mínimo Interprofesional.,Grupo Parlamentario Plurinacional SUMAR,11/02/2025,,Cerrado,Retirado 11/04/2025
ProposicionesDeLey,Leg.15,122/000158/0000,Proposición de Ley para la actualización de los precios en los contratos del sector público.,Grupo Parlamentario Plurinacional SUMAR,12/02/2025,,Pleno Toma en consideración,
ProposicionesDeLey,Leg.15,122/000159/0000,Proposición de Ley para la reducción de la duración máxima de la jornada ordinaria de trabajo a 35 horas semanales.,Grupo Parlamentario Mixto,12/02/2025,,Cerrado,Rechazado 20/10/2025
ProposicionesDeLey,Leg.15,122/000160/0000,"Proposición de Ley de modificación de la Ley 19/2021, de 20 de diciembre, por la que se establece el ingreso mínimo vital, y por la que se establece un régimen jurídico propio para las ayudas de emergencia.",Grupo Parlamentario Plurinacional SUMAR,13/02/2025,,Pleno Toma en consideración,
ProposicionesDeLey,Leg.15,122/000161/0000,"Proposición de Ley de medidas tributarias, de financiación y de apoyo a las familias ante la ausencia de Presupuestos Generales del Estado para 2025.",Grupo Parlamentario Popular en el Congreso,14/02/2025,,Cerrado,Decaído 01/04/2025
ProposicionesDeLey,Leg.15,122/000162/0000,"Proposición de Ley para la modificación de la Ley 29/1994, de 24 de noviembre, de Arrendamientos Urbanos.",Grupo Parlamentario Plurinacional SUMAR,17/02/2025,,Pleno Toma en consideración,
ProposicionesDeLey,Leg.15,122/000163/0000,"Proposición de Ley Orgánica por la que se modifica la Ley Orgánica 10/1995, de 23 de noviembre, del Código Penal, al objeto de tipificar penalmente el transporte y almacenamiento de combustibles líquidos predeterminados al narcotráfico.",Grupo Parlamentario VOX,17/02/2025,,Cerrado,Rechazado 23/06/2025
ProposicionesDeLey,Leg.15,122/000164/0000,"Proposición de Ley Orgánica de modificación de la Ley Orgánica 10/1995, de 23 de noviembre, del Código Penal, para el endurecimiento de las penas del delito de matrimonio forzado.",Grupo Parlamentario VOX,17/02/2025,,Cerrado,Rechazado 12/05/2025
ProposicionesDeLey,Leg.15,122/000165/0000,"Proposición de Ley de modificación del Real Decreto Legislativo 2/2011, de 5 de septiembre, por el que se aprueba el Texto Refundido de la Ley de Puertos del Estado y de la Marina Mercante.",Grupo Parlamentario VOX,17/02/2025,,Pleno Toma en consideración,
ProposicionesDeLey,Leg.15,122/000166/0000,Proposición de Ley del impuesto temporal sobre beneficios de las grandes empresas cotizadas.,Grupo Parlamentario Mixto,18/02/2025,,Cerrado,Retirado 25/02/2025
ProposicionesDeLey,Leg.15,122/000167/0000,"Proposición de Ley Orgánica por la que se modifica la Ley Orgánica 10/1995, de 23 de noviembre, del Código Penal, para castigar la práctica de terapias de conversión y garantizar la protección de las víctimas.",Grupo Parlamentario Mixto | Grupo Parlamentario Plurinacional SUMAR,18/02/2025,,Pleno Toma en consideración,
ProposicionesDeLey,Leg.15,122/000168/0000,Proposición de Ley del Impuesto temporal sobre beneficios de las grandes empresas cotizadas.,Grupo Parlamentario Mixto,18/02/2025,,Pleno Toma en consideración,
ProposicionesDeLey,Leg.15,122/000169/0000,"Proposición de Ley por la que se modifica la Ley 1/2005, de 9 de marzo, por la que se regula el régimen del comercio de derechos de emisión de gases de efecto invernadero.",Grupo Parlamentario Plurinacional SUMAR | Grupo Parlamentario Socialista,28/02/2025,,Cerrado,Retirado 11/03/2025
ProposicionesDeLey,Leg.15,122/000170/0000,"Proposición de Ley por la que se modifica la Ley 1/2005, de 9 de marzo, por la que se regula el régimen del comercio de derechos de emisión de gases de efecto invernadero.",Grupo Parlamentario Socialista,28/02/2025,Competencia Legislativa Plena; Urgente,Comisión de Transición Ecológica y Reto Demográfico Informe,
ProposicionesDeLey,Leg.15,122/000171/0000,Proposición de Ley de recuperación de la bonificación total de las cuotas empresariales de Seguridad Social en casos de baja por nacimiento y cuidado del menor.,Grupo Parlamentario VOX,03/03/2025,,Cerrado,Decaído 09/05/2025
ProposicionesDeLey,Leg.15,122/000172/0000,Proposición de Ley Orgánica de delegación en la Comunidad Autónoma de Cataluña de competencias estatales en materia de inmigración.,Grupo Parlamentario Junts per Catalunya | Grupo Parlamentario Socialista,04/03/2025,,Cerrado,Rechazado 29/09/2025
ProposicionesDeLey,Leg.15,122/000173/0000,Proposición de Ley para la imposición progresiva y equitativa de las cuantías de las sanciones de tráfico.,Grupo Parlamentario Plurinacional SUMAR,07/03/2025,,Pleno Toma en consideración,
ProposicionesDeLey,Leg.15,122/000174/0000,Proposición de Ley Orgánica de modificación de la Ley de Enjuiciamiento Criminal para el fortalecimiento de las garantías procesales en la figura del Agente Encubierto.,Grupo Parlamentario Plurinacional SUMAR,19/03/2025,,Pleno Toma en consideración,
ProposicionesDeLey,Leg.15,122/000175/0000,"Proposición de Ley Orgánica por la que se modifica la Ley Orgánica 5/2000, de 12 de enero, reguladora de la responsabilidad penal de los menores, para rebajar la edad penal y sancionar con más firmeza y eficacia los delitos cometidos por menores.",Grupo Parlamentario VOX,25/03/2025,,Cerrado,Rechazado 24/11/2025
ProposicionesDeLey,Leg.15,122/000176/0000,"Proposición de Ley relativa a incrementar las medidas de prevención en el consumo de alcohol y drogas por los conductores, en especial por conductores profesionales de vehículos de transporte de pasajeros y mercancías.",Grupo Parlamentario Popular en el Congreso,27/03/2025,,Cerrado,Rechazado 02/06/2025
ProposicionesDeLey,Leg.15,122/000177/0000,"Proposición de Ley de modificación de la Ley 15/2012, de 27 de diciembre, de medidas fiscales para la sostenibilidad energética, para la supresión del impuesto sobre el valor de la producción eléctrica, el impuesto sobre la producción de combustible nuclear gastado y residuos radiactivos resultantes de la generación de energía nucleoeléctrica y el impuesto sobre el almacenamiento de combustible nuclear gastado y residuos radiactivos en instalaciones centralizadas.",Grupo Parlamentario VOX,02/04/2025,,Cerrado,Decaído 30/05/2025
ProposicionesDeLey,Leg.15,122/000178/0000,"Proposición de Ley para la modificación de la Ley 12/2023, de 24 de mayo, por el derecho a la vivienda.",Grupo Parlamentario Plurinacional SUMAR,02/04/2025,,Cerrado,Rechazado 02/12/2025
ProposicionesDeLey,Leg.15,122/000179/0000,Proposición de Ley para garantizar la aportación de la energía nuclear en la descarbonización del sistema energético.,Grupo Parlamentario Popular en el Congreso,04/04/2025,Competencia Legislativa Plena,Comisión de Transición Ecológica y Reto Demográfico Enmiendas,
ProposicionesDeLey,Leg.15,122/000180/0000,Proposición de Ley para el reconocimiento de los derechos de las personas intersexuales y de las personas no binarias.,Grupo Parlamentario Plurinacional SUMAR,09/04/2025,,Cerrado,Retirado 19/12/2025
ProposicionesDeLey,Leg.15,122/000181/0000,"Proposición de Ley relativa a la modificación de la Ley 22/1988, de 28 de julio, de Costas, para la preservación de conjuntos urbanos costeros de tipología tradicional y otras instalaciones de interés público, en terrenos que han pasado a ser de dominio público marítimo-terrestre.",Grupo Parlamentario Popular en el Congreso,10/04/2025,Competencia Legislativa Plena,Comisión de Transición Ecológica y Reto Demográfico Enmiendas,
ProposicionesDeLey,Leg.15,122/000182/0000,"Proposición de Ley relativa a la modificación de la Ley 50/1981, de 30 de diciembre, por la que se regula el Estatuto Orgánico del Ministerio Fiscal.",Grupo Parlamentario Popular en el Congreso,11/04/2025,Competencia Legislativa Plena,Comisión de Justicia Enmiendas,
ProposicionesDeLey,Leg.15,122/000183/0000,"Proposición de Ley Orgánica por la que se modifica la Ley Orgánica 5/1985, de 19 de junio, del Régimen Electoral General para ampliar el derecho de sufragio activo a los mayores de 16 años.",Grupo Parlamentario Republicano,15/04/2025,,Cerrado,Retirado 30/05/2025
ProposicionesDeLey,Leg.15,122/000184/0000,"Proposición de Ley Orgánica relativa a la modificación de la Ley Orgánica 3/1980, de 22 de abril, reguladora del Consejo de Estado, para fortalecer la transparencia de sus funciones.",Grupo Parlamentario Popular en el Congreso,26/04/2025,,Pleno Toma en consideración,
ProposicionesDeLey,Leg.15,122/000185/0000,"Proposición de Ley por la que se regula la extinción del derecho al uso privativo de las aguas mediante la concesión del dominio público hidráulico para el uso industrial de producción de energía eléctrica y la asunción de las plantas hidroeléctricas por la entidad pública empresarial ""Producción Energética Española"".",Grupo Parlamentario Mixto,30/04/2025,,Pleno Toma en consideración,
ProposicionesDeLey,Leg.15,122/000186/0000,"Proposición de Ley Orgánica por la que se modifica la Ley Orgánica 2/2023, de 22 de marzo, del Sistema Universitario.",Grupo Parlamentario Socialista,14/05/2025,Normal,"Comisión de Ciencia, Innovación y Universidades Informe",
ProposicionesDeLey,Leg.15,122/000187/0000,"Proposición de Ley Orgánica de reforma de la Ley Orgánica 2/1979, de 3 de octubre, del Tribunal Constitucional.",Grupo Parlamentario Vasco (EAJ-PNV),16/05/2025,Normal,Comisión Constitucional Enmiendas,
ProposicionesDeLey,Leg.15,122/000188/0000,Proposición de Ley para garantizar la prestación de los servicios públicos esenciales a los municipios rurales de pequeño tamaño en situaciones de emergencia de interés nacional.,Grupo Parlamentario Popular en el Congreso,16/05/2025,,Cerrado,Rechazado 24/11/2025
ProposicionesDeLey,Leg.15,122/000189/0000,Proposición de Ley relativa a la escolarización del alumnado con necesidades educativas especiales (Orgánica).,Grupo Parlamentario Popular en el Congreso,16/05/2025,,Cerrado,Rechazado 15/09/2025
ProposicionesDeLey,Leg.15,122/000190/0000,Proposición de Ley de medidas fiscales para combatir la especulación inmobiliaria.,Grupo Parlamentario Republicano,16/05/2025,,Cerrado,Decaído 11/07/2025
ProposicionesDeLey,Leg.15,122/000191/0000,"Proposición de Ley Orgánica de modificación de la Ley Orgánica 4/2000, de 11 de enero, sobre derechos y libertades de los extranjeros en España y su integración social, para restringir la regularización de inmigrantes ilegales a través del arraigo.",Grupo Parlamentario VOX,20/05/2025,,Cerrado,Rechazado 22/09/2025
ProposicionesDeLey,Leg.15,122/000192/0000,Proposición de Ley Orgánica de modificación del Código Penal para la protección del derecho al trabajo.,Grupo Parlamentario VOX,20/05/2025,,Pleno Toma en consideración,
ProposicionesDeLey,Leg.15,122/000193/0000,"Proposición de Ley de modificación de la Ley 29/1994, de 24 de noviembre, de arrendamientos urbanos, para restaurar los derechos de adquisición preferente del inquilino en los supuestos de venta conjunta.",Grupo Parlamentario VOX,20/05/2025,,Pleno Toma en consideración,
ProposicionesDeLey,Leg.15,122/000194/0000,Proposición de Ley de compensación económica para las personas celíacas.,Grupo Parlamentario Popular en el Congreso,20/05/2025,Competencia Legislativa Plena,Comisión de Hacienda y Función Pública Enmiendas,
ProposicionesDeLey,Leg.15,122/000195/0000,"Proposición de Ley para la derogación expresa de los Decretos de abolición de los Furs/Fueros de los Reinos de València y Aragón, y de los Decretos de Nueva Planta del Reino de Mallorca y el Principado de Catalunya.",Grupo Parlamentario Plurinacional SUMAR,21/05/2025,,Pleno Toma en consideración,
ProposicionesDeLey,Leg.15,122/000196/0000,Proposición de Ley para impulsar el alquiler de viviendas a precios asequibles.,Grupo Parlamentario Socialista,22/05/2025,,Pleno Toma en consideración,
ProposicionesDeLey,Leg.15,122/000197/0000,Proposición de Ley para el reconocimiento de la titularidad pública de las redes de distribución eléctrica y del impulso del autoconsumo.,Grupo Parlamentario Republicano,26/05/2025,,Cerrado,Retirado 26/09/2025
ProposicionesDeLey,Leg.15,122/000198/0000,Proposición de Ley de Transparencia en el Mercado de Medicamentos.,Grupo Parlamentario Mixto,27/05/2025,,Pleno Toma en consideración,
ProposicionesDeLey,Leg.15,122/000199/0000,Proposición de Ley sobre el cumplimiento de las obligaciones internacionales de no reconocimiento y no asistencia a situaciones de ocupación ilegal de territorios.,Grupo Parlamentario Plurinacional SUMAR,28/05/2025,,Pleno Toma en consideración,
ProposicionesDeLey,Leg.15,122/000200/0000,"Proposición de Ley Orgánica por la que se modifica la Ley Orgánica 5/1985, de 19 de junio, del Régimen Electoral General.",Grupo Parlamentario VOX,04/06/2025,,Cerrado,Decaído 26/09/2025
ProposicionesDeLey,Leg.15,122/000201/0000,"Proposición de Ley Orgánica por la que se modifica la Ley Orgánica 10/1995, de 23 de noviembre, del Código Penal, para penalizar las terapias de conversión dirigidas a eliminar o negar la orientación sexual, identidad sexual o expresión de género.",Grupo Parlamentario Socialista,06/06/2025,Normal,Senado,
ProposicionesDeLey,Leg.15,122/000202/0000,Proposición de Ley sobre la prohibición de la acuicultura con pulpos en España.,Grupo Parlamentario Mixto | Grupo Parlamentario Plurinacional SUMAR,11/06/2025,,Pleno Toma en consideración,
ProposicionesDeLey,Leg.15,122/000203/0000,Proposición de Ley de Conciliación y Corresponsabilidad Familiar.,Grupo Parlamentario Popular en el Congreso,14/06/2025,,Cerrado,Rechazado 20/10/2025
ProposicionesDeLey,Leg.15,122/000204/0000,Proposición de Ley en apoyo del sistema alimentario español como sector estratégico esencial de la economía.,Grupo Parlamentario Popular en el Congreso,14/06/2025,,Cerrado,Rechazado 15/12/2025
ProposicionesDeLey,Leg.15,122/000205/0000,"Proposición de Ley relativa a la exención fiscal de las ayudas previstas en el Real Decreto 574/2023, de 4 de julio, por el que se regula el procedimiento de concesión de ayudas a las personas afectadas por la talidomida en España durante el periodo 1950-1985.",Grupo Parlamentario Popular en el Congreso,14/06/2025,,Pleno Toma en consideración,
ProposicionesDeLey,Leg.15,122/000206/0000,Proposición de Ley de prohibición de contratación pública de empresas participantes en la corrupción.,Grupo Parlamentario Mixto,17/06/2025,,Cerrado,Retirado 24/06/2025
ProposicionesDeLey,Leg.15,122/000207/0000,Proposición de Ley de prohibición de contratación pública de empresas participantes en la corrupción.,Grupo Parlamentario Mixto,17/06/2025,,Pleno Toma en consideración,
ProposicionesDeLey,Leg.15,122/000208/0000,"Proposición de Ley Orgánica por la que se modifica la Ley Orgánica 3/2020, de 29 de diciembre, por la que se modifica la Ley Orgánica 2/2006, de 3 de mayo, de Educación.",Grupo Parlamentario VOX,19/06/2025,,Pleno Toma en consideración,
ProposicionesDeLey,Leg.15,122/000209/0000,"Proposición de Ley de modificación del Código Civil, para la protección de los menores tutelados en situación de desamparo.",Grupo Parlamentario VOX,24/06/2025,,Cerrado,Rechazado 05/05/2026
ProposicionesDeLey,Leg.15,122/000210/0000,Proposición de Ley para la protección del consumidor frente a la comercialización fraudulenta de carne sintética y harinas de insectos.,Grupo Parlamentario VOX,26/06/2025,,Pleno Toma en consideración,
ProposicionesDeLey,Leg.15,122/000211/0000,Proposición de Ley de medidas fiscales para combatir la especulación inmobiliaria.,Grupo Parlamentario Republicano,01/07/2025,,Cerrado,Retirado 17/10/2025
ProposicionesDeLey,Leg.15,122/000212/0000,"Proposición de Ley de reforma de la Ley 31/1995, de 8 de noviembre, de prevención de riesgos laborales para la interrupción del trabajo por inclemencias meteorológicas.",Grupo Parlamentario Mixto,08/07/2025,,Pleno Toma en consideración,
ProposicionesDeLey,Leg.15,122/000213/0000,Proposición de Ley para una Cultura que cuida.,Grupo Parlamentario Plurinacional SUMAR,15/07/2025,,Pleno Toma en consideración,
ProposicionesDeLey,Leg.15,122/000214/0000,Proposición de Ley sobre control y regulación de la publicidad y contratación de los pisos turísticos.,Grupo Parlamentario Euskal Herria Bildu,18/07/2025,Normal,Comisión de Vivienda y Agenda Urbana Informe,
ProposicionesDeLey,Leg.15,122/000215/0000,Proposición de Ley para el impulso de la inclusión laboral de las personas con discapacidad a través de la cuota de reserva de empleo en las empresas.,Grupo Parlamentario Socialista,23/07/2025,Competencia Legislativa Plena,Senado,
ProposicionesDeLey,Leg.15,122/000216/0000,Proposición de Ley de reconversión del Organismo Autónomo Agencia de Información y Control Alimentarios en la Agencia Estatal de Inspección de la Cadena Alimentaria.,Grupo Parlamentario Socialista,28/07/2025,,Pleno Toma en consideración,
ProposicionesDeLey,Leg.15,122/000217/0000,Proposición de Ley por la que se habilita la delegación de competencias en materia de gestión del Impuesto sobre la Renta de las Personas Físicas.,Grupo Parlamentario Republicano,19/09/2025,,Cerrado,Retirado 27/02/2026
ProposicionesDeLey,Leg.15,122/000218/0000,Proposición de Ley de medidas fiscales para combatir la especulación inmobiliaria.,Grupo Parlamentario Republicano,19/09/2025,,Cerrado,Rechazado 17/11/2025
ProposicionesDeLey,Leg.15,122/000219/0000,"Proposición de Ley para la formalización de un Protocolo de inspección de buques con origen o destino a Estados sobre los que recaigan medidas judiciales, indicios o sospecha de perpetración de delito de genocidio o crímenes de guerra.",Grupo Parlamentario Plurinacional SUMAR,26/09/2025,,Pleno Toma en consideración,
ProposicionesDeLey,Leg.15,122/000220/0000,Proposición de Ley para la regulación del voto telemático en las sesiones de los órganos de gobierno de las Administraciones locales.,Grupo Parlamentario Socialista,01/10/2025,Competencia Legislativa Plena,Comisión de Política Territorial Informe,
ProposicionesDeLey,Leg.15,122/000221/0000,Proposición de Ley para la recuperación de la justicia universal.,Diputados a título individual (varios grupos),02/10/2025,,Cerrado,Retirado 07/10/2025
ProposicionesDeLey,Leg.15,122/000222/0000,Proposición de Ley Orgánica para la recuperación de la justicia universal.,Grupo Parlamentario Republicano,03/10/2025,,Cerrado,Retirado 27/02/2026
ProposicionesDeLey,Leg.15,122/000223/0000,Proposición de Ley para la Reforma de medidas de protección social y reconocimiento de condiciones laborales especiales en sectores estratégicos con alta penosidad.,Grupo Parlamentario Plurinacional SUMAR,08/10/2025,,Cerrado,Retirado 14/10/2025
ProposicionesDeLey,Leg.15,122/000224/0000,Proposición de Ley de defensa y protección de los símbolos oficiales.,Grupo Parlamentario Popular en el Congreso,10/10/2025,,Pleno Toma en consideración,
ProposicionesDeLey,Leg.15,122/000225/0000,Proposición de Ley sobre el buen uso de las zonas de estacionamiento reservadas a las personas con discapacidad.,Grupo Parlamentario Socialista,10/10/2025,Competencia Legislativa Plena,Comisión de Interior Informe,
ProposicionesDeLey,Leg.15,122/000226/0000,"Proposición de Ley Orgánica de modificación de la Ley Orgánica 10/1995, de 23 de noviembre, del Código Penal, para la ampliación de los supuestos en los que se prevé la imposición de la pena de prisión permanente revisable.",Grupo Parlamentario Popular en el Congreso,18/10/2025,,Cerrado,Rechazado 23/03/2026
ProposicionesDeLey,Leg.15,122/000227/0000,Proposición de Ley para la reforma de medidas de protección social y reconocimiento de condiciones laborales especiales en sectores estratégicos con alta penosidad.,Grupo Parlamentario Plurinacional SUMAR,22/10/2025,,Pleno Toma en consideración,
ProposicionesDeLey,Leg.15,122/000228/0000,Proposición de Ley relativa a la obtención de la nacionalidad española por residencia y la conservación de la nacionalidad de origen.,Grupo Parlamentario Plurinacional SUMAR,23/10/2025,,Cerrado,Retirado 28/10/2025
ProposicionesDeLey,Leg.15,122/000229/0000,"Proposición de Ley Orgánica de modificación de la Ley Orgánica 6/1985, de 1 de julio, del Poder Judicial, para el cambio del modelo de elección de los vocales del Consejo General del Poder Judicial.",Grupo Parlamentario Popular en el Congreso,24/10/2025,,Cerrado,Rechazado 15/09/2026
ProposicionesDeLey,Leg.15,122/000230/0000,Proposición de Ley relativa a la obtención de la nacionalidad española por residencia y la conservación de la nacionalidad de origen.,Grupo Parlamentario Plurinacional SUMAR,27/10/2025,,Pleno Toma en consideración,
ProposicionesDeLey,Leg.15,122/000231/0000,Proposición de Ley Orgánica de garantía y protección de los derechos fundamentales frente al acoso derivado de acciones judiciales abusivas.,Grupo Parlamentario Socialista,28/10/2025,,Pleno Toma en consideración,
ProposicionesDeLey,Leg.15,122/000232/0000,Proposición de Ley relativa a revocar la implantación obligatoria de las Zonas de Bajas Emisiones y derogar la tasa de residuos.,Grupo Parlamentario VOX,28/10/2025,,Pleno Toma en consideración,
ProposicionesDeLey,Leg.15,122/000233/0000,Proposición de Ley de modificación de normas sobre el programa de cribado neonatal del Sistema Nacional de Salud y de otra normativa.,Grupo Parlamentario Socialista,06/11/2025,Competencia Legislativa Plena; Urgente,Cerrado,Aprobado con modificaciones 15/09/2026
ProposicionesDeLey,Leg.15,122/000234/0000,Proposición de Ley sobre la evaluación del impacto en el ámbito de la juventud de las políticas públicas.,Grupo Parlamentario Socialista,06/11/2025,,Cerrado,Rechazado 23/02/2026
ProposicionesDeLey,Leg.15,122/000235/0000,Proposición de Ley para garantizar el poder adquisitivo de las pensiones públicas.,Grupo Parlamentario Popular en el Congreso,07/11/2025,,Pleno Toma en consideración,
ProposicionesDeLey,Leg.15,122/000236/0000,Proposición de Ley de nacionalización de Repsol y de su reconversión en una empresa pública al servicio de una transición energética verde y justa.,Grupo Parlamentario Mixto,10/11/2025,,Cerrado,Decaído 13/02/2026
ProposicionesDeLey,Leg.15,122/000237/0000,Proposición de Ley Orgánica para la protección de la dignidad de las mujeres y la seguridad ciudadana en el espacio público.,Grupo Parlamentario VOX,11/11/2025,,Cerrado,Rechazado 23/02/2026
ProposicionesDeLey,Leg.15,122/000238/0000,Proposición de Ley Orgánica para la transferencia de competencias en materia de aeropuertos de interés general a la Comunidad Autónoma de Galicia.,Grupo Parlamentario Mixto,13/11/2025,,Cerrado,Decaído 13/02/2026
ProposicionesDeLey,Leg.15,122/000239/0000,Proposición de Ley sobre el carácter vinculante de las decisiones del Comité Europeo de Derechos Sociales y su obligada ejecución por parte del Estado español.,Grupo Parlamentario Mixto,14/11/2025,,Pleno Toma en consideración,
ProposicionesDeLey,Leg.15,122/000240/0000,"Proposición de Ley de modificación de la Ley 49/1960, de 21 de julio, sobre propiedad horizontal.",Grupo Parlamentario Popular en el Congreso,14/11/2025,Competencia Legislativa Plena,Comisión de Justicia Enmiendas,
ProposicionesDeLey,Leg.15,122/000241/0000,"Proposición de Ley para garantizar el cumplimiento de la Ley 47/2003, de 26 de noviembre, General Presupuestaria.",Grupo Parlamentario Popular en el Congreso,15/11/2025,Competencia Legislativa Plena,Comisión de Presupuestos Enmiendas,
ProposicionesDeLey,Leg.15,122/000242/0000,Proposición de Ley por la que se regula el ejercicio profesional de la criminología.,Grupo Parlamentario Plurinacional SUMAR,19/11/2025,,Pleno Toma en consideración,
ProposicionesDeLey,Leg.15,122/000243/0000,"Proposición de Ley sobre el reconocimiento como víctimas de la dictadura franquista a las mujeres internadas en el ""Patronato de Protección a la Mujer"".",Grupo Parlamentario Republicano,25/11/2025,,Cerrado,Retirado 27/02/2026
ProposicionesDeLey,Leg.15,122/000244/0000,Proposición de Ley Orgánica de Mejora de las ratios y la situación del alumnado en la Educación Pública.,Grupo Parlamentario Plurinacional SUMAR,26/11/2025,,Pleno Toma en consideración,
ProposicionesDeLey,Leg.15,122/000245/0000,"Proposición de Ley para la modificación del Real Decreto Legislativo 5/2015, de 30 de octubre, por el que se aprueba el texto refundido de la Ley del Estatuto Básico del Empleado Público y de la Ley 38/2003, de 17 de noviembre, General de Subvenciones.",Grupo Parlamentario Mixto,02/12/2025,,Cerrado,Rechazado 23/03/2026
ProposicionesDeLey,Leg.15,122/000246/0000,Proposición de Ley sobre la modificación urgente de la Ley Orgánica 2/2012 de Estabilidad Presupuestaria y Sostenibilidad Financiera.,Grupo Parlamentario Republicano,04/12/2025,,Cerrado,Retirado 27/02/2026
ProposicionesDeLey,Leg.15,122/000247/0000,"Proposición de Ley de reforma de la Ley Orgánica 1/2025, de 2 de enero, de medidas en materia de eficiencia en el Servicio Público de Justicia; y de modificación de la Ley 1/2000, de 7 de enero, de Enjuiciamiento Civil, en cuanto a los procesos de familia con personas menores de edad.",Grupo Parlamentario Vasco (EAJ-PNV),18/12/2025,Normal,Comisión de Justicia Enmiendas,
ProposicionesDeLey,Leg.15,122/000248/0000,Proposición de Ley de integración de personal funcionario docente de la Administración de la Comunidad Foral de Navarra en los Cuerpos de funcionarios docentes.,Grupo Parlamentario Socialista,22/12/2025,,Pleno Toma en consideración,
ProposicionesDeLey,Leg.15,122/000249/0000,"Proposición de Ley relativa a la modificación de la Ley 87/1978, de 28 de diciembre, de Seguros Agrarios Combinados, para establecer seguros sobre los ingresos y las rentas, y reforzar la sostenibilidad de las producciones agrarias.",Grupo Parlamentario Popular en el Congreso,22/12/2025,Competencia Legislativa Plena,"Comisión de Agricultura, Pesca y Alimentación Enmiendas",
ProposicionesDeLey,Leg.15,122/000250/0000,"Proposición de Ley para la modificación de la Ley 12/2023, de 24 de mayo, por el derecho a la vivienda.",Grupo Parlamentario Plurinacional SUMAR,09/01/2026,,Cerrado,Retirado 27/01/2026
ProposicionesDeLey,Leg.15,122/000251/0000,"Proposición de Ley para la modificación de la Ley 12/2023, de 24 de mayo, por el derecho a la vivienda.",Grupo Parlamentario Plurinacional SUMAR,15/01/2026,,Cerrado,Rechazado 21/09/2026
ProposicionesDeLey,Leg.15,122/000252/0000,Proposición de Ley para garantizar el poder adquisitivo de las pensiones públicas.,Grupo Parlamentario Junts per Catalunya,28/01/2026,,Cerrado,Retirado 20/03/2026
ProposicionesDeLey,Leg.15,122/000253/0000,"Proposición de Ley de medidas administrativas y procesales para la seguridad jurídica de la ordenación territorial y urbanística, el impulso del desarrollo urbano y la vivienda.",Grupo Parlamentario Popular en el Congreso,06/02/2026,Competencia Legislativa Plena,Comisión de Vivienda y Agenda Urbana Enmiendas,
ProposicionesDeLey,Leg.15,122/000254/0000,Proposición de Ley Orgánica contra la ocupación ilegal de inmuebles y para la convivencia vecinal y la protección de la seguridad de las personas y cosas en las comunidades de propietarios.,Grupo Parlamentario Popular en el Congreso,06/02/2026,Normal,Comisión de Interior Enmiendas,
ProposicionesDeLey,Leg.15,122/000255/0000,Proposición de Ley Orgánica por la que se modifica el artículo 172.quater del Código Penal que regula el derecho a la interrupción voluntaria del embarazo.,Grupo Parlamentario Plurinacional SUMAR,11/02/2026,,Pleno Toma en consideración,
ProposicionesDeLey,Leg.15,122/000256/0000,Proposición de Ley Orgánica sobre la regulación del uso de velos integrales y la delegación en la Comunidad Autónoma de Cataluña de competencias estatales en materia de seguridad e identificación de personas.,Grupo Parlamentario Junts per Catalunya,17/02/2026,,Cerrado,Rechazado 20/04/2026
ProposicionesDeLey,Leg.15,122/000257/0000,"Proposición de Ley Orgánica de modificación del artículo 379.1 del Código Penal, sobre conducción a velocidad superior a la permitida reglamentariamente.",Grupo Parlamentario Socialista,17/02/2026,Normal,Comisión de Interior Informe,
ProposicionesDeLey,Leg.15,122/000258/0000,Proposición de Ley de nacionalización de Repsol y de su reconversión en una empresa pública al servicio de una transición energética verde y justa.,Grupo Parlamentario Mixto,17/02/2026,,Pleno Toma en consideración,
ProposicionesDeLey,Leg.15,122/000259/0000,Proposición de Ley Orgánica reguladora del uso de prendas y elementos que oculten el rostro en espacios públicos.,Grupo Parlamentario Popular en el Congreso,19/02/2026,,Pleno Toma en consideración,
ProposicionesDeLey,Leg.15,122/000260/0000,Proposición de Ley para el establecimiento de un distrito universitario propio en Cataluña.,Grupo Parlamentario Junts per Catalunya,24/02/2026,,Cerrado,Retirado 11/09/2026
ProposicionesDeLey,Leg.15,122/000261/0000,"Proposición de Ley para la modificación del Real Decreto Legislativo 6/2015, de 30 de octubre, por el que se aprueba el texto refundido de la Ley sobre Tráfico, Circulación de Vehículos a Motor y Seguridad Vial, a fin de integrar en el concepto de conductor profesional al profesorado de formación vial.",Grupo Parlamentario Vasco (EAJ-PNV),25/02/2026,,Pleno Toma en consideración,
ProposicionesDeLey,Leg.15,122/000262/0000,Proposición de Ley para la constitución de un consorcio de inversiones entre la Administración General del Estado y la Generalitat de Cataluña.,Grupo Parlamentario Republicano,27/02/2026,,Cerrado,Rechazado 05/05/2026
ProposicionesDeLey,Leg.15,122/000263/0000,Proposición de Ley para el reconocimiento y equiparación de víctimas de crímenes de agentes del Estado.,Grupo Parlamentario Plurinacional SUMAR,02/03/2026,,Pleno Toma en consideración,
ProposicionesDeLey,Leg.15,122/000264/0000,Proposición de Ley para una correcta imposición de los beneficios caídos del cielo de la gran banca.,Grupo Parlamentario Mixto,04/03/2026,,Pleno Toma en consideración,
ProposicionesDeLey,Leg.15,122/000265/0000,Proposición de Ley para establecer un plan anti-Trump de paz y refugio frente a las consecuencias derivadas de los ataques militares ilegales de Estados Unidos y sus socios.,Grupo Parlamentario Mixto,09/03/2026,,Mesa del Congreso Requerimiento de aclaración,
ProposicionesDeLey,Leg.15,122/000266/0000,Proposición de Ley de modificación de la regulación sobre la crioconservación de ovocitos.,Grupo Parlamentario Socialista,10/03/2026,,Cerrado,Retirado 17/03/2026
ProposicionesDeLey,Leg.15,122/000267/0000,Proposición de Ley de modificación de la regulación sobre la crioconservación de ovocitos.,Grupo Parlamentario Socialista,10/03/2026,Competencia Legislativa Plena,Comisión de Sanidad Enmiendas,
ProposicionesDeLey,Leg.15,122/000268/0000,Proposición de Ley de limitación temporal de los tipos de interés de las hipotecas negociadas a tipo variable y de facilitación de la conversión de hipotecas negociadas a tipo variable en tipo fijo.,Grupo Parlamentario Mixto,17/03/2026,,Cerrado,Retirado 24/03/2026
ProposicionesDeLey,Leg.15,122/000269/0000,Proposición de Ley de limitación temporal de los tipos de interés de las hipotecas negociadas a tipo variable y de facilitación de la conversión de hipotecas negociadas a tipo variable en tipo fijo.,Grupo Parlamentario Mixto,17/03/2026,,Pleno Toma en consideración,
ProposicionesDeLey,Leg.15,122/000270/0000,Proposición de Ley para establecer un plan anti-Trump de paz y refugio frente a las consecuencias derivadas de los ataques militares ilegales de Estados Unidos y sus socios.,Grupo Parlamentario Mixto,24/03/2026,,Cerrado,Retirado 09/04/2026
ProposicionesDeLey,Leg.15,122/000271/0000,Proposición de Ley para establecer un plan anti-Trump de paz y refugio frente a las consecuencias derivadas de los ataques militares ilegales de Estados Unidos y sus socios.,Grupo Parlamentario Mixto,24/03/2026,,Mesa del Congreso Requerimiento de aclaración,
ProposicionesDeLey,Leg.15,122/000272/0000,Proposición de Ley sobre la habilitación legal de la Comisión Nacional de los Mercados y la Competencia como coordinador de servicios digitales en España.,Grupo Parlamentario Socialista,27/03/2026,,Cerrado,Rechazado 20/04/2026
ProposicionesDeLey,Leg.15,122/000273/0000,"Proposición de Ley Orgánica de modificación de la Ley Orgánica 6/1985, de 1 de julio, del Poder Judicial, para regular el procedimiento de designación de candidaturas a juez titular y jueces ad hoc del Tribunal Europeo de Derechos Humanos y a jueces y abogados generales del Tribunal de Justicia y del Tribunal General de la Unión Europea, que corresponde proponer al Reino de España.",Grupo Parlamentario Popular en el Congreso,08/04/2026,,Cerrado,Rechazado 22/06/2026
ProposicionesDeLey,Leg.15,122/000274/0000,Proposición de Ley de reforma integral del trabajo autónomo.,Grupo Parlamentario Junts per Catalunya,15/04/2026,,Cerrado,Decaído 12/06/2026
ProposicionesDeLey,Leg.15,122/000275/0000,Proposición de Ley para la promoción del consumo de alimentos y bebidas saludables.,Grupo Parlamentario Plurinacional SUMAR,17/04/2026,,Cerrado,Rechazado 01/06/2026
ProposicionesDeLey,Leg.15,122/000276/0000,Proposición de Ley para la protección de la libertad sindical y el derecho de huelga en el ámbito del trabajo.,Grupo Parlamentario Plurinacional SUMAR,22/04/2026,,Pleno Toma en consideración,
ProposicionesDeLey,Leg.15,122/000277/0000,"Proposición de Ley de modificación de la Ley 1/2004, de Horarios Comerciales para garantizar el derecho al descanso dominical y al disfrute de la vida familiar.",Grupo Parlamentario Plurinacional SUMAR,22/04/2026,,Pleno Toma en consideración,
ProposicionesDeLey,Leg.15,122/000278/0000,Proposición de Ley para una reforma del IBI que lo haga más justo y favorecedor del derecho a la vivienda.,Grupo Parlamentario Plurinacional SUMAR,22/04/2026,,Pleno Toma en consideración,
ProposicionesDeLey,Leg.15,122/000279/0000,Proposición de Ley Orgánica por la que se reforma la tramitación de los internamientos involuntarios del artículo 763 de la Ley de Enjuiciamiento Civil.,Grupo Parlamentario Socialista,24/04/2026,,Pleno Toma en consideración,
ProposicionesDeLey,Leg.15,122/000280/0000,"Proposición de Ley Orgánica de modificación de la Ley Orgánica 5/1985, de 19 de junio, del Régimen Electoral General, para adaptarla a la reforma del apartado 3 del artículo 69 de la Constitución.",Grupo Parlamentario Socialista,08/05/2026,Lectura Única; Urgente,Cerrado,Aprobado sin modificaciones 23/07/2026
ProposicionesDeLey,Leg.15,122/000281/0000,Proposición de Ley para la modificación de los requisitos de exigibilidad del reintegro de prestaciones indebidas de la Ley General de la Seguridad Social y la Ley del Ingreso Mínimo Vital.,Grupo Parlamentario Plurinacional SUMAR,12/05/2026,,Pleno Toma en consideración,
ProposicionesDeLey,Leg.15,122/000282/0000,Proposición de Ley de grandes simios.,Grupo Parlamentario Mixto,20/05/2026,,Pleno Toma en consideración,
ProposicionesDeLey,Leg.15,122/000283/0000,Proposición de Ley de creación del Impuesto de las Grandes Herencias y Donaciones.,Grupo Parlamentario Plurinacional SUMAR,22/05/2026,,Pleno Toma en consideración,
ProposicionesDeLey,Leg.15,122/000284/0000,"Proposición de Ley de modificación del Real Decreto Legislativo 8/2015, de 30 de octubre, por el que se aprueba el texto refundido de la Ley General de la Seguridad Social, con el objeto de incluir a los miembros de la Policía Nacional y de la Guardia Civil, y a los funcionarios del Servicio de Vigilancia Aduanera, dentro de los colectivos que gozan de coeficiente reductor de la edad de jubilación debido a la peligrosidad de su trabajo.",Grupo Parlamentario Popular en el Congreso,29/05/2026,,Cerrado,Decaído 18/09/2026
ProposicionesDeLey,Leg.15,122/000285/0000,"Proposición de Ley para la modificación de la Ley 16/1983, de 24 de octubre, de creación del Instituto de la Mujer y de determinadas leyes procesales dentro de su ámbito competencial.",Grupo Parlamentario Socialista,29/05/2026,,Cerrado,Rechazado 22/06/2026
ProposicionesDeLey,Leg.15,122/000286/0000,Proposición de Ley de regulación del estatuto de los ex presidentes.,Grupo Parlamentario Plurinacional SUMAR,03/06/2026,,Pleno Toma en consideración,
ProposicionesDeLey,Leg.15,122/000287/0000,"Proposición de Ley de modificación del artículo 307 de la Ley Orgánica 6/1985, de 1 de julio, del Poder Judicial, que regula el curso de selección de los aspirantes a ingresar en la Carrera Judicial (Orgánica).",Grupo Parlamentario Popular en el Congreso,03/06/2026,,Mesa del Congreso Acuerdo subsiguiente a la toma en consideración,
ProposicionesDeLey,Leg.15,122/000288/0000,Proposición de Ley Orgánica sobre la ejecución de las penas y el régimen penitenciario.,Grupo Parlamentario Popular en el Congreso,04/06/2026,,Pleno Toma en consideración,
ProposicionesDeLey,Leg.15,122/000289/0000,Proposición de Ley para la garantía del uso residencial de las viviendas y contra la especulación en las Illes Balears.,Grupo Parlamentario Plurinacional SUMAR,11/06/2026,,Pleno Toma en consideración,
ProposicionesDeLey,Leg.15,122/000290/0000,"Proposición de Ley de modificación de la disposición adicional septuagésima primera de la Ley 31/2022, de 23 de diciembre, de Presupuestos Generales del Estado para el año 2023, para garantizar la vigencia del régimen fiscal especial de las Illes Balears.",Grupo Parlamentario Plurinacional SUMAR,12/06/2026,,Pleno Toma en consideración,
ProposicionesDeLey,Leg.15,122/000291/0000,Proposición de Ley de reforma integral del trabajo autónomo.,Grupo Parlamentario Junts per Catalunya,16/06/2026,,Cerrado,Retirado 11/09/2026
ProposicionesDeLey,Leg.15,122/000292/0000,"Proposición de Ley Orgánica de modificación de la Ley Orgánica 2/1986, de l3 de marzo, de Fuerzas y Cuerpos de Seguridad.",Grupo Parlamentario Popular en el Congreso,19/06/2026,,Pleno Toma en consideración,
ProposicionesDeLey,Leg.15,122/000293/0000,Proposición de Ley Orgánica para la implantación de una prueba única de acceso a la universidad y de un procedimiento común de admisión al sistema universitario español.,Grupo Parlamentario VOX,26/06/2026,,Gobierno Contestación,
ProposicionesDeLey,Leg.15,122/000294/0000,"Proposición de Ley para la prórroga del derecho a la prestación y permiso por cuidado de menores afectados por cáncer u otra enfermedad grave, vinculada a la convivencia con la persona dependiente, en los supuestos de gran discapacidad o gran dependencia.",Grupo Parlamentario Popular en el Congreso,26/06/2026,,Gobierno Contestación,
ProposicionesDeLey,Leg.15,122/000295/0000,Proposición de Ley Orgánica para el reconocimiento y mejora de los derechos de sindicación y negociación colectiva de los empleados públicos de la Policía Nacional.,Grupo Parlamentario Plurinacional SUMAR,30/06/2026,,Gobierno Contestación,
ProposicionesDeLey,Leg.15,122/000296/0000,"Proposición de Ley Orgánica por la que se modifica la Ley Orgánica 10/1995, de 23 de noviembre, del Código Penal, con relación a la sustitución del cumplimiento de la pena impuesta a delincuentes extranjeros por su expulsión del territorio nacional y a la pérdida de nacionalidad española no de origen.",Grupo Parlamentario VOX,03/07/2026,,Gobierno Contestación,
ProposicionesDeLey,Leg.15,122/000297/0000,Proposición de Ley sobre el reconocimiento de la profesión de biólogo y trabajador social como profesión sanitaria.,Grupo Parlamentario Socialista,14/07/2026,Competencia Legislativa Plena,Comisión de Sanidad Enmiendas,
ProposicionesDeLey,Leg.15,122/000298/0000,"Proposición de Ley Orgánica por la que se modifica la disposición adicional décima de la Ley Orgánica 4/2000, de 11 de enero, sobre derechos y libertades de los extranjeros en España y su integración social, en materia de rechazo en frontera en las ciudades de Ceuta y Melilla.",Grupo Parlamentario Popular en el Congreso,16/07/2026,,Gobierno Contestación,
ProposicionesDeLey,Leg.15,122/000299/0000,Proposición de Ley Orgánica de delegación en la Comunidad Autónoma de Cataluña de competencias estatales en materia de inmigración.,Grupo Parlamentario Junts per Catalunya,26/08/2026,,Gobierno Contestación,
ProposicionesDeLey,Leg.15,122/000300/0000,"Proposición de Ley por la que se modifica el Real Decreto Legislativo 6/2015, de 30 de octubre, por el que se aprueba el texto refundido de la Ley sobre Tráfico, Circulación de Vehículos a Motor y Seguridad Vial, relativa a la reducción de la tasa máxima de alcohol en la conducción.",Grupo Parlamentario Socialista,11/09/2026,,Mesa del Congreso Acuerdo subsiguiente a la toma en consideración,
ProposicionesDeLey,Leg.15,122/000301/0000,"Proposición de Ley de modificación del Real Decreto Legislativo 8/2015, de 30 de octubre, por el que se aprueba el Texto Refundido de la Ley General de la Seguridad Social, con el objeto de incluir a los miembros de la Policía Nacional y de la Guardia Civil, y a los funcionarios del Servicio de Vigilancia Aduanera, dentro de los colectivos que gozan de coeficiente reductor de la edad de jubilación debido a la peligrosidad de su trabajo.",Grupo Parlamentario Popular en el Congreso,11/09/2026,,Gobierno Contestación,
ProposicionesDeLey,Leg.15,122/000302/0000,Proposición de Ley por la que se regula el ejercicio profesional de la Criminología.,Grupo Parlamentario Plurinacional SUMAR | Grupo Parlamentario Socialista,15/09/2026,,Gobierno Contestación,
ProposicionesDeLey,Leg.15,122/000303/0000,Proposición de Ley de creación del Gravamen sobre la Concentración de Riqueza.,Grupo Parlamentario Plurinacional SUMAR,16/09/2026,,Gobierno Contestación,
ProposicionesDeLey,Leg.15,122/000304/0000,"Proposición de Ley de modificación de la Ley Orgánica 1/2025, de 2 de enero, de medidas en materia de eficiencia del servicio público de justicia, sobre los MASC como requisito de procedibilidad en Derecho de Familia.",Grupo Parlamentario Popular en el Congreso,18/09/2026,,Cerrado,Retirado 22/09/2026
ProposicionesDeLey,Leg.15,122/000305/0000,"Proposición de Ley de modificación de la Ley Orgánica 1/2025, de 2 de enero, de medidas en materia de eficiencia del servicio público de justicia, y de modificación de la Ley 1/2000, de 7 de enero, de Enjuiciamiento Civil sobre los MASC como requisito de procedibilidad en Derecho de Familia.",Grupo Parlamentario Popular en el Congreso,18/09/2026,,Gobierno Contestación,
ProposicionesDeLey,Leg.15,123/000001/0000,Proposición de Ley Orgánica de garantía del plurilingüismo y de los derechos lingüísticos de la ciudadanía ante las instituciones del Estado.,Diputados a título individual (varios grupos),19/11/2025,Urgente,Comisión Constitucional Enmiendas,
ProposicionesDeLey,Leg.15,123/000002/0000,"Proposición de Ley para la derogación de la Ley 18/2013, de 12 de noviembre, para la regulación de la tauromaquia como patrimonio cultural.",Diputados a título individual (varios grupos),02/09/2026,,Gobierno Contestación,
ProposicionesDeLey,Leg.15,124/000001/0000,"Proposición de Ley por la que se modifica el apartado Uno, punto 2, del artículo 91 de la Ley 37/1992, de 28 de diciembre, del Impuesto sobre el Valor Añadido.",Senado,10/11/2023,Competencia Legislativa Plena,Comisión de Hacienda y Función Pública Enmiendas,
ProposicionesDeLey,Leg.15,124/000002/0000,"Proposición de Ley de modificación del Real Decreto Legislativo 1/2013, de 29 de noviembre, por el que se aprueba el Texto Refundido de la Ley General de derechos de las personas con discapacidad y de su inclusión social, para la asimilación legal de la valoración de las situaciones de dependencia con la calificación mínima del grado de discapacidad.",Senado,19/12/2023,Competencia Legislativa Plena,Comisión de Derechos Sociales y Consumo Enmiendas,
ProposicionesDeLey,Leg.15,124/000003/0000,Proposición de Ley Orgánica contra la ocupación ilegal y para la convivencia vecinal y la protección de la seguridad de las personas y cosas en las comunidades de propietarios.,Senado,12/02/2024,Normal,Comisión de Justicia Enmiendas,
ProposicionesDeLey,Leg.15,124/000004/0000,"Proposición de Ley Orgánica de modificación de la Ley Orgánica 10/1995, de 23 de noviembre, del Código Penal.",Senado,23/02/2024,Normal,Comisión de Justicia Enmiendas,
ProposicionesDeLey,Leg.15,124/000005/0000,"Proposición de Ley para la recuperación de la bonificación de las cuotas patronales de la Seguridad Social para los empresarios de las ciudades de Ceuta y Melilla, cuyas actividades estén encuadradas en los sectores recogidos en la presente ley, con cuentas de cotización y trabajadores asignados a dichas empresas.",Senado,08/03/2024,Competencia Legislativa Plena,"Comisión de Trabajo, Eco. Social, Inclusión, S.Social y Migraciones Enmiendas",
ProposicionesDeLey,Leg.15,124/000006/0000,"Proposición de Ley relativa a la modificación de la Ley 22/1988, de 28 de julio, de Costas, para permitir la pervivencia de conjuntos urbanos costeros de tipología tradicional en terrenos que han pasado a ser de dominio público marítimo-terrestre.",Senado,15/03/2024,Competencia Legislativa Plena,Comisión de Transición Ecológica y Reto Demográfico Enmiendas,
ProposicionesDeLey,Leg.15,124/000007/0000,Proposición de Ley de montes de socios.,Senado,21/03/2024,Competencia Legislativa Plena,Comisión de Transición Ecológica y Reto Demográfico Enmiendas,
ProposicionesDeLey,Leg.15,124/000008/0000,"Proposición de Ley para la modificación del artículo 46 de la Ley 7/1985, de 2 de abril, Reguladora de las Bases del Régimen Local.",Senado,15/04/2024,Competencia Legislativa Plena,Comisión de Política Territorial Enmiendas,
ProposicionesDeLey,Leg.15,124/000009/0000,"Proposición de Ley Orgánica de modificación de la Ley Orgánica 1/1979, de 26 de septiembre, General Penitenciaria, para el reconocimiento del carácter de agentes de la autoridad a los funcionarios de cuerpos penitenciarios en el ejercicio de sus funciones.",Senado,26/04/2024,Normal,Comisión de Interior Enmiendas,
ProposicionesDeLey,Leg.15,124/000010/0000,"Proposición de Ley Orgánica de modificación de la Ley Orgánica 6/1985, de 1 de julio, del Poder Judicial, relativa a la delimitación de las competencias de la Audiencia Nacional para el enjuiciamiento de los delitos de narcotráfico, blanqueo de capitales, trata y tráfico de personas por organizaciones criminales.",Senado,31/05/2024,Normal,Comisión de Justicia Enmiendas,
ProposicionesDeLey,Leg.15,124/000011/0000,"Proposición de Ley de modificación del Real Decreto Legislativo 8/2015, de 30 de octubre, por el que se aprueba el texto refundido de la Ley General de la Seguridad Social, con el objeto de incluir a los miembros del Cuerpo Nacional de Policía y de la Guardia Civil, y a los funcionarios de Servicio de Vigilancia Aduanera, dentro de los colectivos que gozan de coeficiente reductor de la edad de jubilación debido a la peligrosidad de su trabajo.",Senado,07/06/2024,Competencia Legislativa Plena,"Comisión de Trabajo, Eco. Social, Inclusión, S.Social y Migraciones Enmiendas",
ProposicionesDeLey,Leg.15,124/000012/0000,"Proposición de Ley sobre exención fiscal de las ayudas previstas en el Real Decreto 574/2023, de 4 de julio, por el que se regula el procedimiento de concesión de ayudas a las personas afectadas por la talidomida en España, durante el periodo 1950-1985.",Senado,14/06/2024,Competencia Legislativa Plena,Comisión de Hacienda y Función Pública Enmiendas,
ProposicionesDeLey,Leg.15,124/000013/0000,Proposición de Ley de protección del Patrimonio Histórico frente al vandalismo.,Senado,20/09/2024,Competencia Legislativa Plena,Comisión de Cultura Enmiendas,
ProposicionesDeLey,Leg.15,124/000014/0000,"Proposición de Ley Orgánica relativa a la reforma de la Ley Orgánica 5/2005, de 17 de noviembre, de la Defensa Nacional, para el envío de ayuda militar al extranjero.",Senado,27/09/2024,Normal,Comisión de Defensa Enmiendas,
ProposicionesDeLey,Leg.15,124/000015/0000,"Proposición de Ley por la que se modifica la Ley 37/1992, de 28 de diciembre, del Impuesto sobre el Valor Añadido, para aplicar el tipo impositivo del IVA del 4% a la prestación de todos los servicios de atención a la dependencia no exentos.",Senado,22/11/2024,Competencia Legislativa Plena,Comisión de Hacienda y Función Pública Enmiendas,
ProposicionesDeLey,Leg.15,124/000016/0000,"Proposición de Ley Orgánica de modificación de la Ley Orgánica 10/1995, de 23 de noviembre, del Código Penal, en materia de lucha contra el narcotráfico.",Senado,27/12/2024,Normal,Comisión de Justicia Enmiendas,
ProposicionesDeLey,Leg.15,124/000017/0000,"Proposición de Ley de modificación de la Ley 49/1960, de 21 de julio, sobre propiedad horizontal.",Senado,14/02/2025,Competencia Legislativa Plena,Comisión de Justicia Enmiendas,
ProposicionesDeLey,Leg.15,124/000018/0000,"Proposición de Ley de modificación de la Ley 7/2022, de 8 de abril, de residuos y suelos contaminados para una economía circular.",Senado,27/02/2025,Competencia Legislativa Plena,Comisión de Hacienda y Función Pública Enmiendas,
ProposicionesDeLey,Leg.15,124/000019/0000,"Proposición de Ley de modificación de la Ley 50/1981, de 30 de diciembre, por la que se regula el Estatuto Orgánico del Ministerio Fiscal.",Senado,14/03/2025,Competencia Legislativa Plena,Comisión de Justicia Enmiendas,
ProposicionesDeLey,Leg.15,124/000020/0000,"Proposición de Ley de medidas administrativas y procesales para la seguridad jurídica de la ordenación territorial y urbanística, el impulso de desarrollo urbano y la vivienda.",Senado,21/03/2025,Competencia Legislativa Plena,Comisión de Vivienda y Agenda Urbana Enmiendas,
ProposicionesDeLey,Leg.15,124/000021/0000,Proposición de Ley relativa a la violencia en el ámbito sanitario.,Senado,28/03/2025,Competencia Legislativa Plena,Comisión de Sanidad Enmiendas,
ProposicionesDeLey,Leg.15,124/000022/0000,Proposición de Ley para ajustar el límite exento del impuesto sobre la renta de las personas físicas (IRPF) al salario mínimo interprofesional (SMI).,Senado,14/04/2025,Competencia Legislativa Plena,Comisión de Hacienda y Función Pública Enmiendas,
ProposicionesDeLey,Leg.15,124/000023/0000,"Proposición de Ley de modificación de la Ley 39/2007, de 19 de noviembre, de la carrera militar.",Senado,14/04/2025,Competencia Legislativa Plena,Comisión de Defensa Enmiendas,
ProposicionesDeLey,Leg.15,124/000024/0000,Proposición de Ley por la que se reforma la fiscalidad del sector primario.,Senado,24/04/2025,Competencia Legislativa Plena,Comisión de Hacienda y Función Pública Enmiendas,
ProposicionesDeLey,Leg.15,124/000025/0000,"Proposición de Ley Orgánica para garantizar el funcionamiento de las secciones de los tribunales de instancia y de las audiencias provinciales en materia de violencia sobre la mujer, así como la especialización de los jueces y magistrados destinados en ellas.",Senado,09/05/2025,Normal,Comisión de Justicia Enmiendas,
ProposicionesDeLey,Leg.15,124/000026/0000,"Proposición de Ley de modificación de la Ley 29/2011, de 22 de septiembre, de Reconocimiento y Protección Integral a las Víctimas del Terrorismo.",Senado,23/05/2025,Competencia Legislativa Plena,Comisión de Interior Enmiendas,
ProposicionesDeLey,Leg.15,124/000027/0000,"Proposición de Ley Orgánica complementaria de la Proposición de Ley de modificación de la Ley 29/2011, de 22 de septiembre, de Reconocimiento y Protección Integral a las Víctimas del Terrorismo.",Senado,23/05/2025,Normal,Comisión de Interior Enmiendas,
ProposicionesDeLey,Leg.15,124/000028/0000,"Proposición de Ley Orgánica de modificación de la Ley Orgánica 5/1985, de 19 de junio, del Régimen Electoral General, relativa a las causas de inelegibilidad.",Senado,23/05/2025,Normal,Comisión Constitucional Enmiendas,
ProposicionesDeLey,Leg.15,124/000029/0000,Proposición de Ley del Mecanismo Rural de Garantía.,Senado,30/05/2025,Competencia Legislativa Plena,Comisión de Transición Ecológica y Reto Demográfico Enmiendas,
ProposicionesDeLey,Leg.15,124/000030/0000,Proposición de Ley de Conciliación y Corresponsabilidad Familiar.,Senado,30/05/2025,Competencia Legislativa Plena,Comisión de Igualdad Enmiendas,
ProposicionesDeLey,Leg.15,124/000031/0000,"Proposición de Ley de modificación del Real Decreto Legislativo 8/2015, de 30 de octubre, por el que se aprueba el texto refundido de la Ley General de la Seguridad Social, con el objeto de incluir a los miembros de las Fuerzas Armadas dentro de los colectivos que gozan de coeficiente reductor de la edad de jubilación debido a la peligrosidad de su trabajo.",Senado,20/06/2025,Competencia Legislativa Plena,"Comisión de Trabajo, Eco. Social, Inclusión, S.Social y Migraciones Enmiendas",
ProposicionesDeLey,Leg.15,124/000032/0000,Proposición de Ley para la rebaja de la presión fiscal a las pymes y los autónomos.,Senado,20/06/2025,Competencia Legislativa Plena,Comisión de Hacienda y Función Pública Enmiendas,
ProposicionesDeLey,Leg.15,124/000033/0000,Proposición de Ley en apoyo del sistema alimentario español como sector estratégico esencial de la economía.,Senado,16/09/2025,Competencia Legislativa Plena,"Comisión de Agricultura, Pesca y Alimentación Enmiendas",
ProposicionesDeLey,Leg.15,124/000034/0000,"Proposición de Ley Orgánica de modificación del artículo 578 de la Ley Orgánica 10/1995, de 23 de noviembre, del Código Penal.",Senado,18/09/2025,Normal,Comisión de Justicia Enmiendas,
ProposicionesDeLey,Leg.15,124/000035/0000,"Proposición de Ley para la modificación del artículo 92 bis de la Ley 7/1985, de 2 de abril, Reguladora de las Bases del Régimen Local.",Senado,02/10/2025,Competencia Legislativa Plena,Comisión de Hacienda y Función Pública Enmiendas,
ProposicionesDeLey,Leg.15,124/000036/0000,Proposición de Ley para garantizar la representación internacional de las federaciones deportivas españolas en las actividades y competiciones de carácter internacional.,Senado,10/10/2025,Competencia Legislativa Plena,"Comisión de Educación, Formación Profesional y Deportes Enmiendas",
ProposicionesDeLey,Leg.15,124/000037/0000,"Proposición de Ley Orgánica de modificación de la Ley Orgánica 10/1995, de 23 de noviembre, del Código Penal, en materia de multirreincidencia en los delitos de hurto y estafa.",Senado,07/11/2025,Normal,Comisión de Justicia Enmiendas,
ProposicionesDeLey,Leg.15,124/000038/0000,"Proposición de Ley Orgánica de modificación de la Ley Orgánica 4/2000, de 11 de enero, sobre derechos y libertades de los extranjeros en España y su integración social, para restringir la regularización de inmigrantes ilegales a través del arraigo.",Senado,21/11/2025,Normal,"Comisión de Trabajo, Eco. Social, Inclusión, S.Social y Migraciones Enmiendas",
ProposicionesDeLey,Leg.15,124/000039/0000,"Proposición de Ley Orgánica de modificación de la Ley Orgánica 10/1995, de 23 de noviembre, del Código Penal.",Senado,21/11/2025,Normal,Comisión de Justicia Enmiendas,
ProposicionesDeLey,Leg.15,124/000040/0000,"Proposición de Ley Orgánica de modificación de la Ley Orgánica 1/1979, de 26 de septiembre, General Penitenciaria, en relación con los requisitos para la clasificación o progresión de grado para las personas condenadas por delitos de terrorismo.",Senado,27/11/2025,Normal,Comisión de Interior Enmiendas,
ProposicionesDeLey,Leg.15,124/000041/0000,Proposición de Ley de defensa y protección de los símbolos oficiales.,Senado,06/02/2026,Competencia Legislativa Plena,Comisión Constitucional Enmiendas,
ProposicionesDeLey,Leg.15,124/000042/0000,"Proposición de Ley de modificación de la Ley 50/1981, de 30 de diciembre, por la que se regula el Estatuto Orgánico del Ministerio Fiscal, para garantizar la actuación de oficio frente a los actos de enaltecimiento del terrorismo, los homenajes a terroristas condenados y las conductas de violencia callejera con finalidad terrorista.",Senado,06/03/2026,Competencia Legislativa Plena,Comisión de Justicia Enmiendas,
ProposicionesDeLey,Leg.15,124/000043/0000,"Proposición de Ley de modificación de la Ley 29/2011, de 22 de septiembre, de Reconocimiento y Protección Integral a las Víctimas del Terrorismo.",Senado,10/04/2026,Competencia Legislativa Plena,Comisión de Interior Enmiendas,
ProposicionesDeLey,Leg.15,124/000044/0000,Proposición de Ley sobre simplificación y racionalidad de trámites ciudadanos.,Senado,10/04/2026,Competencia Legislativa Plena,Comisión de Hacienda y Función Pública Enmiendas,
ProposicionesDeLey,Leg.15,124/000045/0000,Proposición de Ley para la protección de la dignidad de las mujeres y la seguridad ciudadana en el espacio público.,Senado,01/06/2026,Normal,Comisión Constitucional Enmiendas,
ProposicionesDeLey,Leg.15,124/000046/0000,"Proposición de Ley Orgánica de modificación de la Ley Orgánica 6/1985, de 1 de julio, del Poder Judicial, para el cambio del modelo de elección de los vocales del Consejo General del Poder Judicial.",Senado,12/06/2026,Normal,Comisión de Justicia Enmiendas,
ProposicionesDeLey,Leg.15,125/000001/0000,Proposición de Ley de modificación del Código Civil y de la Ley de Enjuiciamiento Civil para el establecimiento de la custodia compartida como régimen de guarda y custodia de menores de aplicación preferente (corresponde al número de expediente 125/000016/0000 de la XIV Legislatura).,Comunidad Autónoma de la Región de Murcia - Asamblea Regional,17/08/2023,,Cerrado,Retirado 01/03/2024
ProposicionesDeLey,Leg.15,125/000002/0000,Proposición de Ley de garantía del servicio de cajero automático en los municipios en riesgo de exclusión financiera y de garantía del acceso a los servicios bancarios (corresponde al número de expediente 125/000017/0000 de la XIV Legislatura).,Comunidad Autónoma de Cataluña - Parlamento,17/08/2023,Competencia Legislativa Plena,"Comisión de Economía, Comercio y Transformación Digital Enmiendas",
ProposicionesDeLey,Leg.15,125/000003/0000,"Proposición de Ley de modificación de la Ley Orgánica 6/1985, de 1 de julio, del Poder Judicial, y de la Ley 38/1988, de 28 de diciembre, de Demarcación y Planta Judicial (corresponde al número de expediente 125/000021/0000 de la XIV Legislatura).",Comunidad de Madrid - Asamblea,17/08/2023,,Cerrado,Rechazado 18/03/2024
ProposicionesDeLey,Leg.15,125/000004/0000,Proposición de Ley relativa al mantenimiento del trasvase Tajo-Segura (corresponde al número de expediente 125/000022/0000 de la XIV Legislatura).,Comunidad Autónoma de la Región de Murcia - Asamblea Regional,17/08/2023,,Cerrado,Rechazado 19/05/2025
ProposicionesDeLey,Leg.15,125/000005/0000,Proposición de Ley Orgánica de transferencia de la titularidad y competencias de la autopista del Atlántico (AP-9) a la Comunidad Autónoma de Galicia.,Comunidad Autónoma de Galicia - Parlamento,09/01/2024,Urgente,Cerrado,Aprobado sin modificaciones 15/09/2026
ProposicionesDeLey,Leg.15,125/000006/0000,Proposición de Ley para garantizar el retorno social del rescate bancario.,Comunidad Autónoma de Cataluña - Parlamento,22/03/2024,,Cerrado,Rechazado 17/03/2025
ProposicionesDeLey,Leg.15,125/000007/0000,Proposición de Ley Orgánica de modificación de la prescripción de los delitos contra la libertad sexual cometidos contra menores de edad.,Comunidad Autónoma de Cataluña - Parlamento,22/03/2024,Normal,Comisión de Justicia Informe,
ProposicionesDeLey,Leg.15,125/000008/0000,"Proposición de Ley de reforma parcial del texto refundido de la Ley del Estatuto Básico del Empleado Público, aprobado por Real Decreto Legislativo 5/2015, de 30 de octubre.",Comunidad Autónoma de Andalucía-Parlamento,15/10/2024,Competencia Legislativa Plena,Comisión de Hacienda y Función Pública Enmiendas,
ProposicionesDeLey,Leg.15,125/000009/0000,Proposición de Ley relativa a la gratuidad de los productos ópticos y de salud visual.,Comunidad Autónoma de Andalucía-Parlamento,28/11/2024,Competencia Legislativa Plena,Comisión de Sanidad Enmiendas,
ProposicionesDeLey,Leg.15,125/000010/0000,"Proposición de Ley de modificación del Real Decreto Legislativo 5/2015, de 30 de octubre, por el que se aprueba el texto refundido de la Ley del Estatuto Básico del Empleado Público.",Comunidad Autónoma de Cantabria - Parlamento,03/12/2024,Competencia Legislativa Plena,Comisión de Hacienda y Función Pública Enmiendas,
ProposicionesDeLey,Leg.15,125/000011/0000,"Proposición de Ley de modificación de la Ley 35/2006, de 28 de noviembre, del Impuesto sobre la Renta de las Personas Físicas y de modificación parcial de las leyes de los Impuestos sobre Sociedades, sobre la Renta de no Residentes y sobre el Patrimonio.",Comunidad Autónoma del Principado de Asturias-Junta General,07/07/2025,,Cerrado,Decaído 10/10/2025
ProposicionesDeLey,Leg.15,125/000012/0000,"Proposición de Ley de modificación de la disposición adicional sexta de la Ley 54/1997, de 27 de noviembre, del Sector Eléctrico.",Comunidad Autónoma de Extremadura - Asamblea,23/07/2025,,Cerrado,Decaído 10/10/2025
ProposicionesDeLey,Leg.15,125/000013/0000,Proposición de Ley para la cogestión de los aeropuertos de interés general de las Illes Balears.,Comunidad Autónoma de las Illes Balears-Parlamento,18/05/2026,,Pleno Toma en consideración,
ProposicionesDeLey,Leg.15,125/000014/0000,Proposición de Ley de modificación de algunas disposiciones normativas procesales con relación al derecho de morir dignamente.,Comunidad Autónoma de Cataluña - Parlamento,21/05/2026,Competencia Legislativa Plena,Comisión de Justicia Enmiendas,
ProposicionesDeLey,Leg.15,125/000015/0000,"Proposición de Ley de modificación del artículo 57 de la Ley Orgánica 8/2021, de 4 de junio, de protección integral a la infancia y la adolescencia frente a la violencia.",Comunidad Autónoma de las Illes Balears-Parlamento,17/06/2026,,Pleno Toma en consideración,
ProposicionesDeLey,Leg.15,125/000016/0000,"Proposición de Ley de modificación de la Ley 3/2024, de 30 de octubre, para mejorar la calidad de vida de personas con esclerosis lateral amiotrófica y otras enfermedades o procesos de alta complejidad y curso irreversible, y otras normas relativas a la atención de las personas en situación de dependencia.",Comunidad Autónoma de Cataluña - Parlamento,21/07/2026,,Gobierno Contestación,
